Opportunity__c,Name,AccountId,Ownership__c,Annual_Hours__c
,FNAS,001OF00000IGTLUYA5,0.015,125
,GFSD,001OF00000IfKIFYA3,0.025,125
0061G00000JgBF9QAN,GAAS,001OF00000JN4nzYAD,0.0312,125
,GZAS,001OF00000IkA5HYAV,0.015,75
0061G00000FfrLYQAZ,GZAS,001OF00000IiTX3YAN,0.09,75
,GASK,0011G00000vuKQCQA2,0.0312,25
0061G00000LRMmLQAX,GASK,001OF00000IsolUYAR,0.03125,25
,FIAS,001OF00000JQeDQYA1,0.03125,25
,FSUP,001OF00000JN4nzYAD,0.03125,25
0061G00000Feod6QAB,GASR,001OF00000INEPhYAP,0.03125,25
0061G00000I5b5AQAR,FASR,001OF00000IfpYsYAJ,0.03125,25
0061G00000FfsTHQAZ,FIAS,001OF00000IkA5HYAV,0.09,75
0061G00000FfsTHQAZ,FSUP,001OF00000IfpYsYAJ,0.09,75
,FASW,001OF00000IkA5HYAV,0.09,25
,GASR,001OF00000IhzM4YAJ,0.09,25
0061G00000IY84JQAT,FASY,001OF00000Ip5kvYAB,0.09,25
0061G00000J85WPQAZ,FASW,001OF00000Ioq13YAB,0.03125,50
0061G00000JjVlGQAV,FASR,001OF00000Ip5kvYAB,0.03125,25
,GXAS,001OF00000IkA5HYAV,0.015,50
0061G00000HZAENQA5,FIAS,001OF00000IfpYsYAJ,0.015,50
0061G00000HWC3fQAH,FASY,001OF00000IkAtGYAV,0.015,25
0061G00000I4608QAB,FASY,001OF00000IfKIFYA3,0.03125,25
0061G00000ON5o7QAD,FSBR,001OF00000INEPhYAP,0.03125,25
0061G00000P1VyIQAV,FASQ,001OF00000IhzM4YAJ,0.03125,25
0061G00000JjVxlQAF,GASR,001OF00000IMTqfYAH,0.03125,25
0061G00000QAJFBQA5,GXAS,001OF00000IkAtGYAV,0.03125,25
006OF00000Exm5NYAR,FASV,001OF00000IhzM4YAJ,0.03125,25
0061G00000NvfgDQAR,GXAS,001OF00000IdyEuYAJ,0.015,50
0061G00000Hli6KQAR,GASE,001OF00000INEPhYAP,0.015,37.5
0061G00000J88wkQAB,GASE,001OF00000JN4nzYAD,0.015,12.5
0061G00000PPAhoQAH,GXAS,001OF00000IfpYsYAJ,0.03125,12.5
0061G00000I3ujgQAB,FASY,001OF00000Ioq13YAB,0.03125,25
0061G00000I4QRTQA3,FASW,001OF00000ImOlgYAF,0.03125,25
0061G00000OvCGdQAN,GFSX,001OF00000IfpYsYAJ,0.09,25
0061G00000QGBA2QAP,FSFP,001OF00000Ioq13YAB,0.012,25
0061G00000I5bDTQAZ,GZAS,001OF00000Ip5kvYAB,0.012,25
0061G00000ONKfqQAH,FSNP,001OF00000IiTX3YAN,0.015,50
0061G00000PiHuXQAV,GXAS,0011G00000vibZ3QAI,0.015,75
0061G00000IDdo5QAD,FASY,001OF00000IsolUYAR,0.03125,25
0061G00000LSszLQAT,GASR,001OF00000IGTLUYA5,0.09,25
0061G00000NcawPQAR,GNAS,001OF00000INEPhYAP,0.09,25
0061G00000IDkFgQAL,FASR,001OF00000JQeDQYA1,0.09,25
0061G00000Nvu6pQAB,FSFS,0011G00000vibZ3QAI,0.09,12.5
0061G00000IF6Z3QAL,GASW,001OF00000IfpYsYAJ,0.03125,50
0061G00000IFEH2QAP,FASY,0011G00000vibZ3QAI,0.03125,25
006OF00000CSQK4YAP,FASV,001OF00000IMTqfYAH,0.015,25
0061G00000IFLb0QAH,GZAS,001OF00000INEPhYAP,0.015,25
0061G00000OMJQ2QAP,FSBR,001OF00000IhzM4YAJ,0.015,25
,FASY,001OF00000IVUNgYAP,0.015,37.5
0061G00000I5YLoQAN,FASY,001OF00000IGTLUYA5,0.09,50
0061G00000NeTzVQAV,FASR,001OF00000IMTqfYAH,0.03125,25
0061G00000IWeDhQAL,GAAS,001OF00000IVUNgYAP,0.03125,25
0061G00000LRHdrQAH,GASR,001OF00000IsolUYAR,0.03125,25
0061G00000LSUGSQA5,GASR,001OF00000IfKIFYA3,0.03125,25
0061G00000IXrleQAD,FASF,001OF00000IhzM4YAJ,0.03125,25
0061G00000JHISOQA5,FASF,0011G00000vibZ3QAI,0.0312,25
0061G00000IZYLPQA5,GBAS,001OF00000ImHvVYAV,0.03125,25
0061G00000LSKcHQAX,GASR,001OF00000ImHvVYAV,0.03125,25
,GCXL,001OF00000JQeDQYA1,0.03125,25
0061G00000POWxvQAH,GXAS,001OF00000ImOlgYAF,0.03125,25
0061G00000IZp4PQAT,GASR,001OF00000IfpYsYAJ,0.03125,50
0061G00000IZXsrQAH,GASW,001OF00000IkAtGYAV,0.09,25
0061G00000NdOzwQAF,GBAS,001OF00000INEPhYAP,0.09,62.5
0061G00000HLWqrQAH,GAAS,001OF00000ImHvVYAV,0.09,25
0061G00000IZvmaQAD,GASK,001OF00000IfKIFYA3,0.09,50
0061G00000IaI4rQAF,GAAS,001OF00000IkAtGYAV,0.09,50
0061G00000NvdklQAB,FLAS,0011G00000vibZ3QAI,0.03125,25
006OF00000D1uNHYAZ,GXAS,001OF00000IVUNgYAP,0.0312,25
,FASV,001OF00000IGTLUYA5,0.03125,25
,FSYX,001OF00000IVUNgYAP,0.03125,25
,GASR,0011G00000vibZ3QAI,0.03125,25
0061G00000IaK4sQAF,GASR,001OF00000Ip5kvYAB,0.03125,50
0061G00000PMWF0QAP,FSYX,001OF00000INEPhYAP,0.03125,50
0061G00000PkwJMQAZ,GXAS,001OF00000IhzM4YAJ,0.09,25
006OF000002WhohYAC,FASV,001OF00000IsolUYAR,0.09,50
0061G00000IZpDgQAL,GAAS,001OF00000IdyEuYAJ,0.09,25
,GBAS,001OF00000IiTX3YAN,0.09,62.5
0061G00000LSfttQAD,GASE,001OF00000IGTLUYA5,0.09,37.5
0061G00000OOF02QAH,FSBR,001OF00000IiTX3YAN,0.03125,12.5
0061G00000J46zdQAB,FSRX,001OF00000IGTLUYA5,0.09,25
0061G00000J46zdQAB,GASK,001OF00000IfpYsYAJ,0.09,25
,FIAS,001OF00000IfKIFYA3,0.09,25
,FSUP,001OF00000IfKIFYA3,0.09,25
0061G00000J477NQAR,GASR,001OF00000IiTX3YAN,0.03125,25
,FNAS,001OF00000IdyEuYAJ,0.0312,25
,FSFS,001OF00000IGTLUYA5,0.03125,100
,FSQX,001OF00000IVUNgYAP,0.03125,25
0061G00000J6IK6QAN,FIAS,001OF00000IkAtGYAV,0.03125,25
0061G00000NcaxwQAB,GNAS,001OF00000IGTLUYA5,0.03125,25
0061G00000Nu6QxQAJ,FIAS,001OF00000ImOlgYAF,0.03125,50
006OF00000BPF8nYAH,FNAS,001OF00000ImHvVYAV,0.09,125
0061G00000J6pInQAJ,FSFO,001OF00000IfpYsYAJ,0.015,25
006OF00000J9c1ZYAR,FSRX,0011G00000vibZ3QAI,0.025,25
0061G00000J82ZgQAJ,GASK,001OF00000IGTLUYA5,0.0312,75
0061G00000JHAPkQAP,GZAS,001OF00000Ioq13YAB,0.015,25
0061G00000JHBk5QAH,FJAS,001OF00000IfWg4YAF,0.09,25
0061G00000JIONtQAP,FASP,001OF00000IkA5HYAV,0.0312,25
0061G00000Nv2VQQAZ,GBAS,001OF00000IVUNgYAP,0.03125,25
0061G00000QktA9QAJ,GFFS,001OF00000IkAtGYAV,0.03125,25
,FSRX,001OF00000Ip5kvYAB,0.03125,25
0061G00000JIgS8QAL,GASK,0011G00000vibZ3QAI,0.03125,25
0061G00000QXt95QAD,FSNY,001OF00000JN4nzYAD,0.03125,25
0061G00000JJ3Y5QAL,GAAS,001OF00000IGTLUYA5,0.09,25
0061G00000JilUzQAJ,FASP,001OF00000IsolUYAR,0.09,25
0061G00000LTZmiQAH,GASR,001OF00000JN4nzYAD,0.09,25
,FSNP,001OF00000IfWg4YAF,0.09,25
0061G00000JJUtiQAH,FASW,001OF00000IMTqfYAH,0.09,25
0061G00000ONUZkQAP,FSNP,001OF00000ImOlgYAF,0.03125,50
,FSFP,001OF00000ImOlgYAF,0.03125,25
0061G00000JJkgSQAT,GAAS,001OF00000IfpYsYAJ,0.015,25
0061G00000NccgjQAB,GASE,001OF00000IdyEuYAJ,0.015,50
0061G00000Oj0igQAB,FSFP,0011G00000vibZ3QAI,0.015,50
0063700000H3V7WAAV,FASF,001OF00000IkA5HYAV,0.03125,25
0061G00000JfrgJQAR,GAAS,001OF00000IhzM4YAJ,0.03125,25
,FASF,001OF00000IVUNgYAP,0.03125,50
0061G00000Jg5GnQAJ,GASK,001OF00000IkA5HYAV,0.03125,25
0061G00000JgCZsQAN,FASP,001OF00000JN4nzYAD,0.03125,25
006OF00000HZuP3YAL,FIAS,001OF00000IfWg4YAF,0.03125,25
0061G00000QZjdAQAT,GNAS,001OF00000IfKIFYA3,0.015,25
0061G00000QZje3QAD,GFFS,001OF00000IfKIFYA3,0.015,75
006OF00000BogVcYAJ,FSDN,001OF00000Ioq13YAB,0.015,50
006OF00000EpUteYAF,FSRX,001OF00000IVUNgYAP,0.03125,25
0061G00000JgrHUQAZ,GZAS,001OF00000IdyEuYAJ,0.03125,25
0061G00000QkZgEQAV,GASR,001OF00000IkA5HYAV,0.03125,25
,FSNY,001OF00000INEPhYAP,0.09,50
0061G00000JgtMnQAJ,FIAS,001OF00000IdyEuYAJ,0.012,25
0061G00000NbC5vQAF,GXAS,001OF00000JN4nzYAD,0.012,50
0061G00000OkH0pQAF,FSRX,001OF00000IsolUYAR,0.015,25
0061G00000JhZDoQAN,FIAS,001OF00000IGTLUYA5,0.015,25
0061G00000NeVGVQA3,FASR,001OF00000IVUNgYAP,0.03125,25
0061G00000NdTh4QAF,GNAS,001OF00000JN4nzYAD,0.09,25
0061G00000NegFSQAZ,GNAS,001OF00000IMTqfYAH,0.09,25
0061G00000QXbRBQA1,GFFS,001OF00000INEPhYAP,0.09,25
,GAAS,001OF00000IfKIFYA3,0.09,25
0061G00000JhY4gQAF,GASR,001OF00000IfWg4YAF,0.03125,25
,FASP,0011G00000vibZ3QAI,0.03125,25
0061G00000JhaNfQAJ,FASP,001OF00000Ioq13YAB,0.015,50
0061G00000JhiZGQAZ,GAAS,001OF00000IMTqfYAH,0.015,25
0061G00000JhiaYQAR,GAAS,001OF00000Ip5kvYAB,0.015,25
0061G00000Ji58QQAR,GAAS,001OF00000JQeDQYA1,0.015,25
0061G00000LSSy4QAH,GASR,001OF00000IkAtGYAV,0.09,25
0061G00000JhlODQAZ,FJAS,001OF00000ImOlgYAF,0.03125,50
0061G00000Q6i9pQAB,GXAS,001OF00000JQeDQYA1,0.03125,25
0061G00000Jgp3nQAB,GASK,001OF00000IVUNgYAP,0.03125,50
0061G00000POv46QAD,GFSX,001OF00000JN4nzYAD,0.03125,25
0061G00000OFJypQAH,GBAS,001OF00000IhzM4YAJ,0.03125,25
0061G00000OGYJMQA5,FASQ,001OF00000IfWg4YAF,0.0312,25
0061G00000JiE9kQAF,GAAS,0011G00000vibZ3QAI,0.03125,25
0061G00000OLwVGQA1,GBAS,001OF00000IkAtGYAV,0.03125,25
0061G00000JiEJkQAN,GASW,001OF00000Ioq13YAB,0.03125,37.5
0061G00000LSPc8QAH,GASR,001OF00000Ioq13YAB,0.03125,37.5
0061G00000Ncaw5QAB,FASY,001OF00000INEPhYAP,0.03125,25
0061G00000Ncaw5QAB,GNAS,001OF00000IkAtGYAV,0.09,12.5
0061G00000JjbNlQAJ,FIAS,001OF00000ImHvVYAV,0.09,25
0061G00000ONyCJQA1,FASW,001OF00000IdyEuYAJ,0.09,25
0061G00000JiWQ7QAN,GASR,001OF00000IVUNgYAP,0.09,25
,FNAS,001OF00000IfKIFYA3,0.09,50
0061G00000Jic9kQAB,GAAS,001OF00000Ioq13YAB,0.03125,25
0061G00000OGdgeQAD,FSYX,001OF00000Ip5kvYAB,0.0312,50
006Ho00000SJ1sHIAT,FSBR,001OF00000Ioq13YAB,0.03125,25
,GAAS,001OF00000IfWg4YAF,0.03125,50
0061G00000JitJsQAJ,FASR,001OF00000JN4nzYAD,0.03125,50
,FNAS,001OF00000Ioq13YAB,0.03125,25
0061G00000JjDlJQAV,FIAS,001OF00000IMTqfYAH,0.09,25
0061G00000JjRdJQAV,FASY,001OF00000IkA5HYAV,0.09,25
,FNAS,001OF00000IVUNgYAP,0.09,25
,GFSD,001OF00000IiTX3YAN,0.09,25
0061G00000JiyuwQAB,FIAS,001OF00000IiTX3YAN,0.09,25
0061G00000Jiz0QQAR,GASR,001OF00000ImOlgYAF,0.03125,25
0061G00000LTUfuQAH,GASR,001OF00000IdyEuYAJ,0.09,12.5
,FASR,001OF00000IGTLUYA5,0.09,50
0061G00000Jj0EOQAZ,FASR,0011G00000vibZ3QAI,0.09,75
0061G00000Ne7mnQAB,GNAS,001OF00000ImOlgYAF,0.09,25
0061G00000NuSuXQAV,FSFS,001OF00000IsolUYAR,0.03125,25
006OF00000IoULVYA3,GBAS,0011G00000vibZ3QAI,0.0312,25
0061G00000NuPAfQAN,FASY,001OF00000IiTX3YAN,0.03125,25
,FSNY,001OF00000JQeDQYA1,0.03125,25
,GXAS,001OF00000IfKIFYA3,0.03125,25
0061G00000JjNz8QAF,GASE,001OF00000IkA5HYAV,0.03125,25
0061G00000JjS8CQAV,GASK,001OF00000IhzM4YAJ,0.03125,50
,FSNY,001OF00000IkA5HYAV,0.09,50
0061G00000JjVwJQAV,GXAS,001OF00000INEPhYAP,0.03125,50
,FSFS,001OF00000IhzM4YAJ,0.015,37.5
0061G00000JjfZiQAJ,FSFS,001OF00000IfpYsYAJ,0.015,37.5
0061G00000Oj9TGQAZ,FSFP,001OF00000ImHvVYAV,0.015,12.5
0061G00000JjhVRQAZ,GASR,001OF00000JQeDQYA1,0.015,25
0061G00000LUu0tQAD,GASR,001OF00000IfWg4YAF,0.09,25
0061G00000JjhhNQAR,GASR,001OF00000IhzM4YAJ,0.03125,37.5
0061G00000JjmP6QAJ,GASR,001OF00000IfpYsYAJ,0.03125,25
,FSNY,0011G00000vibZ3QAI,0.03125,25
0061G00000JjxRNQAZ,GXAS,001OF00000IiTX3YAN,0.03125,25
0061G00000Pa8QuQAJ,FSQX,001OF00000IfKIFYA3,0.03125,25
0061G00000LQsbqQAD,GASR,001OF00000IVUNgYAP,0.0312,25
0061G00000LSBZ7QAP,FASW,001OF00000Ip5kvYAB,0.0312,25
0061G00000OG2D2QAL,FSYX,001OF00000IkA5HYAV,0.03125,50
0061G00000LRCBlQAP,GASR,001OF00000ImOlgYAF,0.03125,25
0061G00000LRDCSQA5,FASP,001OF00000IfWg4YAF,0.03125,25
0061G00000OLu3wQAD,FSFO,001OF00000Ip5kvYAB,0.03125,50
0061G00000LRTxjQAH,FASY,001OF00000ImOlgYAF,0.03125,50
0061G00000NcJtcQAF,FSNP,0011G00000vibZ3QAI,0.09,25
0061G00000LRhTBQA1,GASL,001OF00000ImOlgYAF,0.09,50
0061G00000LRn1CQAT,FSFO,001OF00000IsolUYAR,0.09,25
0061G00000LRq5WQAT,FASP,001OF00000Ip5kvYAB,0.09,25
0061G00000LRq5WQAT,FASW,001OF00000ImHvVYAV,0.09,25
0061G00000LRqLoQAL,GAAS,001OF00000IiTX3YAN,0.03125,25
0061G00000LRkoIQAT,GAAS,001OF00000INEPhYAP,0.09,37.5
0061G00000LRko8QAD,GAAS,001OF00000IsolUYAR,0.09,25
0061G00000LRsreQAD,FJAS,001OF00000IiTX3YAN,0.09,75
0061G00000LRs9FQAT,GAAS,001OF00000IkA5HYAV,0.09,37.5
006OF00000HxUBdYAN,FASV,001OF00000Ip5kvYAB,0.015,50
0061G00000LRt9EQAT,GASW,001OF00000IfKIFYA3,0.015,50
0061G00000LRt9YQAT,GASW,001OF00000INEPhYAP,0.015,25
0061G00000LRt9JQAT,GASW,001OF00000IGTLUYA5,0.015,50
0061G00000LUhJNQA1,GASK,001OF00000ImOlgYAF,0.09,50
0061G00000OjiflQAB,FSYX,001OF00000IiTX3YAN,0.03125,25
0061G00000LS5TXQA1,FASP,001OF00000JQeDQYA1,0.03125,25
0061G00000LSDJqQAP,FASP,001OF00000IGTLUYA5,0.03125,25
0061G00000LUi9EQAT,GASK,001OF00000IfWg4YAF,0.03125,0
,FASY,001OF00000IMTqfYAH,0.03125,12.5
0061G00000LSKCGQA5,FASY,001OF00000IfpYsYAJ,0.0312,37.5
0061G00000LSKCGQA5,GAAS,001OF00000ImOlgYAF,0.03125,50
0061G00000LSKCGQA5,GASW,001OF00000JQeDQYA1,0.03125,12.5
006OF00000BDFMHYA5,FASV,001OF00000IfpYsYAJ,0.03125,25
,GASR,001OF00000IkAtGYAV,0.03125,25
0061G00000LSUJ7QAP,GASR,001OF00000Ioq13YAB,0.015,50
0061G00000LTjQ0QAL,GASR,001OF00000JQeDQYA1,0.025,25
0061G00000QH2AqQAL,FSFP,001OF00000IiTX3YAN,0.0312,25
0061G00000QY9h4QAD,GFFS,001OF00000IGTLUYA5,0.015,25
0061G00000LSXhjQAH,FASF,001OF00000IdyEuYAJ,0.09,37.5
006OF000006reWvYAI,FSBR,001OF00000IkA5HYAV,0.0312,12.5
006OF00000DemeNYAR,FASV,001OF00000IkA5HYAV,0.03125,12.5
,GNAS,001OF00000IiTX3YAN,0.03125,12.5
0061G00000LSeuvQAD,GZAS,001OF00000IfKIFYA3,0.03125,25
0061G00000LU3jSQAT,FSFO,001OF00000IiTX3YAN,0.03125,25
0061G00000NcaxSQAR,GNAS,001OF00000IfWg4YAF,0.03125,25
0061G00000Nw1rEQAR,GBAS,001OF00000Ioq13YAB,0.09,12.5
0061G00000LSuA0QAL,GASR,001OF00000IkA5HYAV,0.09,25
,GFSD,001OF00000IkAtGYAV,0.09,25
0061G00000LTIPlQAP,FNAS,001OF00000IfpYsYAJ,0.09,25
0061G00000LTUIiQAP,GNAS,001OF00000ImHvVYAV,0.09,25
0061G00000QYAlmQAH,FSNY,001OF00000ImHvVYAV,0.03125,25
0061G00000LT5SKQA1,FLAS,001OF00000Ip5kvYAB,0.03125,25
0061G00000LTKoBQAX,GASR,001OF00000IsolUYAR,0.015,25
0061G00000LSx34QAD,GASR,001OF00000IdyEuYAJ,0.015,50
,FSRX,001OF00000ImHvVYAV,0.015,25
0061G00000LTNjkQAH,FASV,001OF00000IkAtGYAV,0.03125,25
,FSFO,001OF00000ImHvVYAV,0.03125,50
,GNAS,001OF00000JQeDQYA1,0.03125,275
0061G00000LTOrwQAH,GASR,001OF00000IfKIFYA3,0.03125,100
0061G00000LTatiQAD,GASK,001OF00000Ip5kvYAB,0.03125,0
0061G00000LThV6QAL,FASR,001OF00000ImOlgYAF,0.03125,50
0061G00000LUq7LQAT,GASK,001OF00000IkAtGYAV,0.015,50
0061G00000LUq7yQAD,GNAS,001OF00000IsolUYAR,0.015,50
0061G00000NcaweQAB,GNAS,001OF00000IdyEuYAJ,0.015,150
006Ho00000SGlE6IAL,FSDN,001OF00000ImHvVYAV,0.03125,50
006Ho00000Sdj23IAB,GNAS,001OF00000IfpYsYAJ,0.03125,25
006OF000006DO2gYAG,GFSX,001OF00000IfWg4YAF,0.03125,25
0061G00000LTpyfQAD,GBAS,001OF00000IfWg4YAF,0.09,50
0061G00000LTy7CQAT,GZAS,001OF00000ImOlgYAF,0.012,25
0061G00000LU7t3QAD,FIAS,001OF00000IsolUYAR,0.012,50
0061G00000LU7t3QAD,FSUP,001OF00000ImOlgYAF,0.015,50
0061G00000LUBf5QAH,GNAS,001OF00000IkA5HYAV,0.015,50
0061G00000LUC7dQAH,FASP,001OF00000INEPhYAP,0.03125,25
0061G00000NvNfJQAV,FASR,001OF00000IhzM4YAJ,0.09,12.5
0061G00000LUDJRQA5,GZAS,001OF00000IfpYsYAJ,0.09,25
0061G00000Ne9sIQAR,FASR,001OF00000Ioq13YAB,0.09,12.5
0061G00000OLy7HQAT,FSYX,001OF00000IfKIFYA3,0.09,25
0061G00000LUJKUQA5,FIAS,001OF00000IVUNgYAP,0.03125,25
0061G00000NcawgQAB,GNAS,001OF00000Ip5kvYAB,0.03125,25
0061G00000NuTN0QAN,FSFS,001OF00000IkAtGYAV,0.015,12.5
0061G00000OPO6vQAH,FSFP,001OF00000IsolUYAR,0.015,50
0061G00000LUnRdQAL,FASR,001OF00000ImHvVYAV,0.015,50
0061G00000NcaxTQAR,GNAS,0011G00000vibZ3QAI,0.015,50
,GASR,001OF00000Ip5kvYAB,0.09,25
0061G00000LUwTiQAL,FASR,001OF00000IfKIFYA3,0.03125,25
0061G00000NcNcWQAV,GASR,001OF00000ImHvVYAV,0.03125,50
0061G00000LUxQsQAL,GASR,001OF00000IMTqfYAH,0.03125,25
0061G00000NuM7IQAV,FASW,001OF00000IGTLUYA5,0.03125,25
0061G00000QjwtZQAR,GFFS,001OF00000IkA5HYAV,0.03125,25
0061G00000LV1i5QAD,FASR,001OF00000IfWg4YAF,0.0312,25
0061G00000Nb9gJQAR,FSFS,001OF00000JN4nzYAD,0.03125,25
0061G00000OOxrAQAT,FSNP,001OF00000IdyEuYAJ,0.03125,25
,FNAS,001OF00000IiTX3YAN,0.03125,50
,FSQX,001OF00000IkA5HYAV,0.03125,50
0061G00000NbC7DQAV,GNAS,001OF00000IhzM4YAJ,0.03125,50
0061G00000NbDrzQAF,GNAS,001OF00000IVUNgYAP,0.09,50
,FSNY,001OF00000IfKIFYA3,0.09,50
0061G00000NbYOIQA3,GXAS,001OF00000IsolUYAR,0.09,50
0061G00000NbtimQAB,GNAS,001OF00000Ioq13YAB,0.09,25
0061G00000NcGydQAF,FASW,001OF00000IfKIFYA3,0.09,25
0061G00000NcdeHQAR,FNAS,001OF00000IkAtGYAV,0.03125,50
0061G00000QIyU8QAL,FSNY,001OF00000IMTqfYAH,0.0312,50
006Ho00000SJ2y6IAD,FSFO,001OF00000IkAtGYAV,0.03125,25
,FSQX,001OF00000IMTqfYAH,0.03125,50
0061G00000Ncf20QAB,FNAS,001OF00000JN4nzYAD,0.03125,50
,FSNP,001OF00000IfpYsYAJ,0.03125,50
0061G00000NcqyQQAR,FSNP,001OF00000ImHvVYAV,0.03125,100
,GASE,001OF00000IsolUYAR,0.09,25
0061G00000NdCVIQA3,GASE,001OF00000ImOlgYAF,0.09,50
0061G00000NdFLfQAN,GASR,0011G00000vibZ3QAI,0.09,25
0061G00000NdRI5QAN,GNAS,001OF00000JQeDQYA1,0.09,25
0061G00000OM9xYQAT,FSFO,001OF00000JQeDQYA1,0.09,25
006OF000008lqwEYAQ,FSFP,001OF00000IGTLUYA5,0.03125,25
,FSNP,001OF00000IkAtGYAV,0.09,75
0061G00000NdJmkQAF,GASR,001OF00000INEPhYAP,0.09,37.5
0061G00000NvNKuQAN,FSNP,001OF00000JN4nzYAD,0.09,75
0061G00000LRuP3QAL,GNAS,001OF00000JN4nzYAD,0.09,25
0061G00000OgYxtQAF,FSFO,0011G00000vibZ3QAI,0.03125,25
0061G00000OgZXSQA3,FSYX,001OF00000IhzM4YAJ,0.0312,25
0061G00000Ndq7jQAB,GNAS,001OF00000IMTqfYAH,0.03125,25
0061G00000Ndx45QAB,GBAS,001OF00000IfpYsYAJ,0.03125,37.5
0061G00000Nvh9iQAB,FSBR,001OF00000ImHvVYAV,0.03125,25
0061G00000NdxzaQAB,GNAS,001OF00000IVUNgYAP,0.03125,37.5
0061G00000Nv0EcQAJ,FSFS,001OF00000INEPhYAP,0.03125,12.5
0061G00000OhaNuQAJ,FSYX,001OF00000IfWg4YAF,0.09,50
0061G00000NdzMKQAZ,FASR,001OF00000IsolUYAR,0.015,25
0061G00000QikPoQAJ,FSQX,001OF00000IhzM4YAJ,0.0312,25
0061G00000NeLOBQA3,FASR,001OF00000INEPhYAP,0.015,25
0061G00000QlZIyQAN,FASR,001OF00000IkAtGYAV,0.09,12.5
,FASR,001OF00000IdyEuYAJ,0.0312,25
0061G00000NePyKQAV,FASR,001OF00000IiTX3YAN,0.03125,37.5
0061G00000Ned6TQAR,GASR,001OF00000JN4nzYAD,0.03125,25
0061G00000NkaUqQAJ,GFSX,001OF00000ImOlgYAF,0.03125,25
0061G00000NefjBQAR,GASE,001OF00000Ip5kvYAB,0.03125,50
006Ho00000QrLDQIA3,FLAS,001OF00000IMTqfYAH,0.03125,25
0061G00000LSoRwQAL,FASR,001OF00000IkA5HYAV,0.09,25
0061G00000NsyRZQAZ,GNAS,001OF00000IiTX3YAN,0.09,25
0061G00000NsyTpQAJ,FSFS,001OF00000Ip5kvYAB,0.09,25
0061G00000OLf5RQAT,FASW,001OF00000IsolUYAR,0.09,25
0061G00000OLkg1QAD,GASR,001OF00000IiTX3YAN,0.09,25
0061G00000NtYFiQAN,FSFP,001OF00000IhzM4YAJ,0.03125,25
0061G00000Ntko7QAB,FSFS,001OF00000IdyEuYAJ,0.03125,25
0061G00000NuieMQAR,FLAS,001OF00000IhzM4YAJ,0.015,25
006OF00000CVqoDYAT,FSFP,001OF00000Ip5kvYAB,0.015,12.5
0061G00000NtM8fQAF,FSFS,001OF00000IfKIFYA3,0.015,37.5
0061G00000PMHF6QAP,FASY,001OF00000IfWg4YAF,0.03125,12.5
0061G00000NtnRTQAZ,FSFS,001OF00000Ioq13YAB,0.03125,37.5
0061G00000NtrHzQAJ,GASE,001OF00000IVUNgYAP,0.03125,25
0061G00000ONPyFQAX,FSNP,001OF00000INEPhYAP,0.03125,25
0061G00000NtslWQAR,FSFS,001OF00000IVUNgYAP,0.03125,25
,FSRX,001OF00000IdyEuYAJ,0.03125,75
0061G00000Nu27pQAB,FASV,001OF00000JQeDQYA1,0.015,75
0061G00000Nu8nKQAR,GBAS,001OF00000IfKIFYA3,0.015,50
0061G00000NuGkzQAF,GBAS,001OF00000IdyEuYAJ,0.015,25
,GASE,001OF00000IhzM4YAJ,0.03125,75
,GASW,001OF00000IsolUYAR,0.03125,25
0061G00000NtPpgQAF,GASE,001OF00000IkAtGYAV,0.03125,75
006OF00000B4ANRYA3,FSDN,001OF00000IsolUYAR,0.09,25
006OF00000IEOeUYAX,FSRY,001OF00000IiTX3YAN,0.012,25
006OF00000IEOeUYAX,GFFS,001OF00000IVUNgYAP,0.012,25
0061G00000Ql0LOQAZ,FSNP,001OF00000IhzM4YAJ,0.015,25
0061G00000NuiapQAB,GBAS,001OF00000JQeDQYA1,0.015,25
0061G00000NumGGQAZ,FSFS,001OF00000IkA5HYAV,0.03125,25
0061G00000OgYqnQAF,FASQ,001OF00000INEPhYAP,0.09,50
0061G00000Nv0jHQAR,GAAS,001OF00000IsolUYAR,0.09,25
0061G00000Nv1F8QAJ,FASW,001OF00000IhzM4YAJ,0.09,25
0061G00000NucA7QAJ,GBAS,001OF00000ImOlgYAF,0.09,12.5
0061G00000OLMqbQAH,GBAS,001OF00000Ip5kvYAB,0.03125,12.5
,GFSX,001OF00000IdyEuYAJ,0.03125,25
,FSBR,001OF00000IdyEuYAJ,0.015,25
0061G00000NvDTaQAN,FSBR,001OF00000IkAtGYAV,0.015,75
006Ho00000SKlMRIA1,FSBR,001OF00000IMTqfYAH,0.015,25
0061G00000NvJgZQAV,FASY,001OF00000JN4nzYAD,0.015,25
0061G00000NvLaGQAV,GBAS,001OF00000IkA5HYAV,0.09,25
0061G00000Nt5hbQAB,GBAS,001OF00000IMTqfYAH,0.03125,50
006OF00000Ix8VTYAZ,FASQ,0011G00000vibZ3QAI,0.03125,25
0061G00000NvUIkQAN,GZAS,001OF00000JQeDQYA1,0.03125,25
0061G00000NtxziQAB,FSFS,001OF00000IfWg4YAF,0.03125,25
0061G00000Nvb0qQAB,FJAS,001OF00000IGTLUYA5,0.03125,25
,GBAS,001OF00000JN4nzYAD,0.0312,12.5
0061G00000LUYwcQAH,GBAS,001OF00000IGTLUYA5,0.03125,25
0061G00000NvfVtQAJ,FSBR,001OF00000JN4nzYAD,0.03125,25
0061G00000OiXJyQAN,GASE,001OF00000IfKIFYA3,0.03125,75
0061G00000Nvu6fQAB,FSFS,001OF00000IiTX3YAN,0.03125,12.5
0061G00000OLNx6QAH,FSBR,0011G00000vibZ3QAI,0.03125,25
0061G00000PNalPQAT,FSYX,001OF00000IfpYsYAJ,0.09,25
,FSUP,001OF00000IhzM4YAJ,0.09,50
0061G00000OLX6KQAX,FSFO,001OF00000INEPhYAP,0.09,50
0061G00000NtKp8QAF,FSFS,001OF00000ImOlgYAF,0.09,25
0061G00000OLXNkQAP,FSFO,001OF00000IfKIFYA3,0.09,100
0061G00000OMjawQAD,FSFO,001OF00000IkA5HYAV,0.03125,25
0061G00000Ogyz1QAB,FSFP,001OF00000IfpYsYAJ,0.0312,25
0061G00000OLnCSQA1,FSFO,001OF00000Ioq13YAB,0.03125,25
0061G00000PbvhGQAR,GASR,001OF00000IGTLUYA5,0.03125,25
0061G00000OLxkpQAD,FSFO,001OF00000IGTLUYA5,0.03125,50
006OF000007BtJiYAK,FSFS,001OF00000ImHvVYAV,0.03125,25
0061G00000QXJB6QAP,GXAS,001OF00000Ioq13YAB,0.03125,50
0061G00000OMFVVQA5,FSFO,001OF00000IhzM4YAJ,0.09,25
0061G00000OMI7HQAX,GXAS,001OF00000ImHvVYAV,0.09,25
0061G00000OMI7MQAX,FASF,001OF00000IfpYsYAJ,0.09,25
0061G00000OLX4nQAH,GBAS,001OF00000IsolUYAR,0.09,100
006OF00000JEouvYAD,FSDO,001OF00000JN4nzYAD,0.09,250
0061G00000Q7ABmQAN,FSBR,001OF00000JQeDQYA1,0.03125,75
0061G00000OOdRbQAL,FASR,001OF00000Ip5kvYAB,0.09,25
006Ho00000QykLWIAZ,FLAS,001OF00000IkAtGYAV,0.09,25
006OF000008AllsYAC,FSRY,001OF00000JQeDQYA1,0.09,37.5
0061G00000OMmYYQA1,FSFO,001OF00000IfWg4YAF,0.09,25
0061G00000P9iAkQAJ,GNAS,001OF00000IsolUYAR,0.03125,25
006Ho00000QyeuRIAR,FASQ,001OF00000IfKIFYA3,0.0312,25
0061G00000OMuHMQA1,GFSX,001OF00000IfKIFYA3,0.03125,50
,FASV,0011G00000vibZ3QAI,0.03125,200
006Ho00000SoriHIAR,FSRX,001OF00000IMTqfYAH,0.03125,25
006OF000007iFfFYAU,FSRX,001OF00000IfWg4YAF,0.03125,25
0061G00000PLGBJQA5,FSDN,001OF00000Ip5kvYAB,0.03125,25
0061G00000PLGTWQA5,FASR,001OF00000IVUNgYAP,0.09,25
0061G00000ONChMQAX,FSYX,001OF00000IdyEuYAJ,0.03125,50
0061G00000OwhleQAB,GASL,001OF00000IfWg4YAF,0.015,25
0061G00000Nc3yeQAB,FSFS,001OF00000IMTqfYAH,0.015,50
0061G00000ONE5FQAX,FSFO,001OF00000IMTqfYAH,0.015,25
0061G00000PZ0CxQAL,FSFP,001OF00000JN4nzYAD,0.015,25
0061G00000ONHP5QAP,FSYX,001OF00000JN4nzYAD,0.09,25
0061G00000Oj96MQAR,FASQ,001OF00000ImOlgYAF,0.03125,25
0061G00000PwxMMQAZ,GFSX,001OF00000IsolUYAR,0.03125,25
006OF000008fo5uYAA,FNAS,001OF00000ImOlgYAF,0.03125,25
0061G00000ON2FqQAL,FSFO,001OF00000IVUNgYAP,0.03125,25
0061G00000PwyJLQAZ,GFSX,001OF00000IkAtGYAV,0.03125,25
0061G00000ONVwyQAH,FSNP,001OF00000Ioq13YAB,0.0312,25
0061G00000Pu5x5QAB,GFSX,001OF00000Ip5kvYAB,0.0312,25
006Ho00000SHeKbIAL,FSQX,001OF00000Ip5kvYAB,0.03125,25
0061G00000ONhqoQAD,FSNP,001OF00000IGTLUYA5,0.03125,25
0061G00000ONqxFQAT,FSNP,001OF00000IfKIFYA3,0.03125,100
0061G00000OON5kQAH,FSNP,001OF00000JQeDQYA1,0.03125,25
0061G00000OOieWQAT,FSBR,001OF00000IfpYsYAJ,0.03125,75
0061G00000OPKmqQAH,FSNP,001OF00000IVUNgYAP,0.09,25
006Ho00000Qw7xcIAB,GFFS,001OF00000Ip5kvYAB,0.09,12.5
0061G00000OPNYtQAP,GFSX,001OF00000ImHvVYAV,0.09,25
0061G00000OPOUiQAP,FSNP,001OF00000IkA5HYAV,0.09,25
0061G00000OPPljQAH,FASQ,001OF00000IdyEuYAJ,0.09,50
0061G00000OjLqrQAF,FSNP,001OF00000IsolUYAR,0.03125,25
0061G00000P9jRwQAJ,FASW,001OF00000IVUNgYAP,0.09,25
0061G00000OFor0QAD,FASQ,001OF00000IsolUYAR,0.09,75
0061G00000Oh1PKQAZ,FSFP,001OF00000JQeDQYA1,0.09,25
0061G00000OhCEpQAN,FSQX,001OF00000INEPhYAP,0.09,25
006Ho00000Qgk41IAB,FSNY,001OF00000IsolUYAR,0.015,25
0061G00000OH42CQAT,FSYX,001OF00000IkAtGYAV,0.015,25
006OF00000BSUODYA5,FSDN,001OF00000IiTX3YAN,0.015,75
0061G00000NsyOzQAJ,FASW,001OF00000IfWg4YAF,0.015,25
0061G00000Ois8nQAB,FSQX,001OF00000IiTX3YAN,0.09,50
0061G00000Oj6ZdQAJ,FSFO,001OF00000JN4nzYAD,0.03125,50
0061G00000QWPHEQA5,GNAS,001OF00000IkA5HYAV,0.03125,25
0061G00000OjleIQAR,FSFS,001OF00000JQeDQYA1,0.03125,12.5
0061G00000OjleIQAR,GNAS,001OF00000Ip5kvYAB,0.03125,37.5
0061G00000Ok0A3QAJ,FSFP,001OF00000IdyEuYAJ,0.03125,25
0061G00000OkOh6QAF,FSFS,001OF00000Ioq13YAB,0.0312,12.5
0061G00000PxtHoQAJ,GFSX,001OF00000IhzM4YAJ,0.03125,25
0061G00000P1YQJQA3,FSQX,001OF00000IfWg4YAF,0.03125,25
0061G00000NtSC5QAN,GASR,001OF00000IfKIFYA3,0.03125,25
0061G00000OEIHcQAP,FSYX,001OF00000IGTLUYA5,0.03125,25
0061G00000OwjPlQAJ,FASR,001OF00000IhzM4YAJ,0.015,50
0061G00000OwjPlQAJ,GASR,001OF00000IdyEuYAJ,0.025,25
,FSRX,001OF00000INEPhYAP,0.0312,75
0061G00000OEpw1QAD,FASV,001OF00000IdyEuYAJ,0.015,75
0061G00000Q6u9UQAR,FSNP,001OF00000Ip5kvYAB,0.09,50
0061G00000OF32FQAT,FSBR,001OF00000IGTLUYA5,0.0312,25
0061G00000OFeCuQAL,FSQX,001OF00000JQeDQYA1,0.03125,25
0061G00000OFfdoQAD,FSYX,0011G00000vibZ3QAI,0.03125,25
0061G00000OGFBNQA5,FSYX,001OF00000ImHvVYAV,0.03125,25
0061G00000OGyBIQA1,FASY,001OF00000JQeDQYA1,0.03125,25
006Ho00000SqIjNIAV,FSDN,001OF00000ImOlgYAF,0.03125,12.5
0061G00000P9fSlQAJ,GFSX,001OF00000IVUNgYAP,0.09,25
006OF000007NnSHYA0,FSDN,001OF00000JN4nzYAD,0.09,12.5
0061G00000OvgLDQAZ,GFSX,001OF00000IiTX3YAN,0.09,25
0061G00000OuexCQAR,GXAS,001OF00000IMTqfYAH,0.09,50
006Ho00000QxJhJIAV,GASE,001OF00000IiTX3YAN,0.09,25
006Ho00000QxJhJIAV,GASK,001OF00000IiTX3YAN,0.03125,25
0061G00000OvU0rQAF,FASR,001OF00000IGTLUYA5,0.03125,25
0061G00000OvW2OQAV,GFFS,001OF00000IiTX3YAN,0.015,75
0061G00000OwZr2QAF,FSYX,001OF00000Ioq13YAB,0.015,50
0061G00000Pw5SNQAZ,GXAS,001OF00000IGTLUYA5,0.015,25
006Ho00000QqpttIAB,FIAS,001OF00000JN4nzYAD,0.03125,25
006Ho00000QqpttIAB,FSUP,001OF00000IdyEuYAJ,0.03125,25
0061G00000PNbtsQAD,GZAS,001OF00000ImHvVYAV,0.03125,25
,FSYX,001OF00000IMTqfYAH,0.03125,75
0061G00000OwwAJQAZ,FSYX,001OF00000JQeDQYA1,0.03125,100
0061G00000NkpxPQAR,FASQ,001OF00000ImHvVYAV,0.03125,25
0061G00000PZ6qqQAD,GBAS,001OF00000IdyEuYAJ,0.015,25
0061G00000PwSQtQAN,GXAS,001OF00000IfWg4YAF,0.015,25
0061G00000PLSQxQAP,GASR,001OF00000IGTLUYA5,0.015,25
0061G00000PKk2FQAT,GASK,001OF00000IMTqfYAH,0.03125,25
0061G00000PKpoQQAT,FSYX,001OF00000ImOlgYAF,0.03125,25
0061G00000PL5CZQA1,FSYX,001OF00000IsolUYAR,0.03125,25
0061G00000PLCXxQAP,GASE,001OF00000IMTqfYAH,0.09,25
006Ho00000QwpXqIAJ,GASK,001OF00000ImHvVYAV,0.012,25
0061G00000PYuOYQA1,GFSX,001OF00000Ioq13YAB,0.012,25
006Ho00000QDwVpIAL,FSDN,001OF00000JQeDQYA1,0.015,25
0061G00000PaTD3QAN,GASR,001OF00000IVUNgYAP,0.015,37.5
0061G00000ONh0TQAT,FSFO,001OF00000ImOlgYAF,0.03125,25
0061G00000POVvbQAH,FSFP,001OF00000IfWg4YAF,0.09,25
0061G00000POkj4QAD,FSYX,001OF00000ImHvVYAV,0.09,25
0061G00000PaEj7QAF,FASW,001OF00000INEPhYAP,0.09,25
0061G00000PxtSIQAZ,GFSX,001OF00000INEPhYAP,0.09,25
0061G00000PP89YQAT,FSYX,001OF00000IkAtGYAV,0.03125,50
0061G00000PcCS4QAN,GFSX,001OF00000IkA5HYAV,0.03125,25
0061G00000Pci3bQAB,GFSX,001OF00000IMTqfYAH,0.015,25
,FSNP,001OF00000IMTqfYAH,0.015,25
0061G00000PhxIQQAZ,GBAS,001OF00000IVUNgYAP,0.015,25
0061G00000QY9IYQA1,FASV,001OF00000IiTX3YAN,0.015,25
006OF00000HS9bMYAT,FASV,001OF00000ImHvVYAV,0.09,25
,GFFS,001OF00000JN4nzYAD,0.03125,25
0061G00000PvWyiQAF,GXAS,001OF00000Ip5kvYAB,0.03125,25
006Ho00000Qg5H9IAJ,GFFS,001OF00000IfWg4YAF,0.03125,75
,FSNP,001OF00000INEPhYAP,0.03125,25
0061G00000PvxhgQAB,GXAS,001OF00000IsolUYAR,0.03125,25
0061G00000PjpvwQAB,FSRX,001OF00000IfKIFYA3,0.0312,100
0061G00000PjqMrQAJ,GFSX,001OF00000IGTLUYA5,0.03125,25
0061G00000Pk2J9QAJ,GFSX,001OF00000JQeDQYA1,0.03125,25
006Ho00000QgoewIAB,FASP,001OF00000IdyEuYAJ,0.03125,25
006Ho00000S06ATIAZ,FSEF,001OF00000IMTqfYAH,0.03125,50
0061G00000PuUcQQAV,GXAS,001OF00000INEPhYAP,0.03125,75
006Ho00000SGkVDIA1,FJAS,001OF00000JQeDQYA1,0.09,25
0061G00000Pum0dQAB,GXAS,001OF00000ImHvVYAV,0.09,25
0061G00000PwsqPQAR,FSNP,001OF00000Ip5kvYAB,0.09,50
0061G00000PwyTiQAJ,GFSX,0011G00000vibZ3QAI,0.09,25
006OF00000J9o2gYAB,FSRX,0011G00000vibZ3QAI,0.09,25
0061G00000Q6ouZQAR,FSBR,001OF00000IfWg4YAF,0.03125,100
0061G00000Q6zbNQAR,GFSX,001OF00000JQeDQYA1,0.0312,50
006OF0000061T9OYAU,FASY,001OF00000IdyEuYAJ,0.03125,25
006Ho00000ScbdmIAB,FSDN,001OF00000INEPhYAP,0.03125,25
006OF00000ANCsQYAX,FASQ,001OF00000Ip5kvYAB,0.03125,50
0061G00000Q9TPuQAN,GXAS,001OF00000IdyEuYAJ,0.03125,25
006OF00000Ej6h9YAB,FSNY,001OF00000IVUNgYAP,0.03125,25
0061G00000QAJFGQA5,GXAS,001OF00000IfKIFYA3,0.09,25
0061G00000QAUgPQAX,GFSX,001OF00000ImOlgYAF,0.09,50
0061G00000QFWuGQAX,FSNP,001OF00000IGTLUYA5,0.09,25
0061G00000QGRDKQA5,FASY,001OF00000ImHvVYAV,0.09,25
0061G00000QGmVXQA1,FSFP,001OF00000IkAtGYAV,0.09,25
0061G00000QIL6iQAH,FSFS,001OF00000IVUNgYAP,0.03125,25
0061G00000QGwjjQAD,FSBR,001OF00000IVUNgYAP,0.09,25
0061G00000QHKwSQAX,GASR,001OF00000JQeDQYA1,0.09,25
006Ho00000SJhMAIA1,FSFP,001OF00000IMTqfYAH,0.09,50
0061G00000QHuXvQAL,FSBR,001OF00000IsolUYAR,0.09,50
0061G00000QIJltQAH,GNAS,001OF00000IfKIFYA3,0.03125,50
006Ho00000Qs7EeIAJ,FSNP,001OF00000IiTX3YAN,0.0312,25
006Ho00000RiUQXIA3,GNAS,001OF00000ImOlgYAF,0.03125,25
0061G00000QITOtQAP,GXAS,001OF00000IkA5HYAV,0.03125,25
0061G00000QIUtEQAX,GFFS,001OF00000Ioq13YAB,0.03125,25
,FASP,001OF00000ImOlgYAF,0.03125,25
006OF00000IqT5CYAV,FSRY,001OF00000IfpYsYAJ,0.03125,25
006OF00000IqT5CYAV,GFSX,001OF00000IdyEuYAJ,0.09,25
0061G00000QW21BQAT,GNAS,001OF00000IfWg4YAF,0.015,50
0061G00000QIer8QAD,FSFP,001OF00000IfKIFYA3,0.025,50
0061G00000QXuPMQA1,FSFP,001OF00000IkA5HYAV,0.0312,25
006OF00000DfLU1YAN,FNAS,001OF00000IMTqfYAH,0.015,25
0061G00000QY6EMQA1,FSNY,001OF00000Ioq13YAB,0.09,25
0061G00000Ok20ZQAR,FSQX,001OF00000IsolUYAR,0.0312,50
0061G00000QYK2tQAH,FSQX,001OF00000ImOlgYAF,0.03125,25
0061G00000QjYbkQAF,FASY,001OF00000IhzM4YAJ,0.03125,37.5
0061G00000Qm2jcQAB,GFFS,0011G00000vibZ3QAI,0.03125,12.5
0061G00000QYQOvQAP,GFFS,001OF00000JQeDQYA1,0.03125,100
0061G00000QYfFTQA1,FASQ,001OF00000IMTqfYAH,0.03125,100
006Ho00000QrbxHIAR,GBAS,001OF00000IkAtGYAV,0.09,25
,GASK,001OF00000Ioq13YAB,0.09,25
0061G00000QYRgrQAH,GASK,001OF00000JQeDQYA1,0.09,50
0061G00000QYRgrQAH,GXAS,001OF00000IfpYsYAJ,0.09,25
006Ho00000SKqePIAT,FSQX,001OF00000IkAtGYAV,0.09,25
0061G00000Qeld6QAB,GASK,001OF00000JN4nzYAD,0.03125,25
0061G00000Qk6mjQAB,FSEF,001OF00000INEPhYAP,0.03125,25
0061G00000QkiN3QAJ,FASR,001OF00000IsolUYAR,0.015,25
0061G00000QlEDiQAN,FSFP,001OF00000INEPhYAP,0.015,25
0061G00000QlXb9QAF,GASR,001OF00000IkA5HYAV,0.015,25
0061G00000QlXb9QAF,GZAS,001OF00000IMTqfYAH,0.03125,25
0061G00000QefSVQAZ,FSFO,001OF00000IdyEuYAJ,0.03125,25
0061G00000QksBcQAJ,FSBR,001OF00000IfKIFYA3,0.03125,25
,FASF,001OF00000IsolUYAR,0.03125,0
,FASP,001OF00000IMTqfYAH,0.03125,100
,FASQ,001OF00000IkA5HYAV,0.03125,0
,FASR,001OF00000IkA5HYAV,0.015,0
,FASV,001OF00000IfWg4YAF,0.015,25
,FASW,001OF00000IfpYsYAJ,0.015,0
,FASY,001OF00000IhzM4YAJ,0.03125,75
,FBXL,0011G00000vibZ3QAI,0.03125,725
,FCXL,001OF00000IkAtGYAV,0.03125,725
,FIAS,001OF00000Ip5kvYAB,0.09,525
,FJAS,001OF00000Ioq13YAB,0.012,0
,FLAS,001OF00000ImHvVYAV,0.012,0
,FNAS,001OF00000Ip5kvYAB,0.015,50
,FSBR,001OF00000Ip5kvYAB,0.015,12.5
,FSDN,001OF00000IGTLUYA5,0.03125,75
,FSDO,001OF00000INEPhYAP,0.09,550
,FSEF,001OF00000IfWg4YAF,0.09,400
,FSFO,001OF00000IGTLUYA5,0.09,25
,FSFP,001OF00000IVUNgYAP,0.09,0
,FSFS,001OF00000ImHvVYAV,0.03125,112.5
,FSJR,0011G00000vibZ3QAI,0.03125,725
,FSNP,001OF00000IhzM4YAJ,0.015,25
,FSNY,001OF00000IfpYsYAJ,0.015,50
,FSQX,001OF00000IdyEuYAJ,0.015,50
,FSRX,001OF00000Ioq13YAB,0.015,0
,FSRY,001OF00000Ip5kvYAB,0.09,162.5
,FSUP,001OF00000IkA5HYAV,0.03125,350
,FSXL,001OF00000IVUNgYAP,0.03125,800
,FSYX,001OF00000INEPhYAP,0.03125,0
,FTXL,001OF00000JN4nzYAD,0.03125,800
,GAAS,001OF00000IkA5HYAV,0.03125,62.5
,GASE,001OF00000JQeDQYA1,0.0312,0
,GASK,001OF00000INEPhYAP,0.03125,175
,GASL,001OF00000JN4nzYAD,0.03125,0
,GASR,001OF00000Ip5kvYAB,0.03125,25
,GASW,001OF00000IVUNgYAP,0.03125,0
,GBAS,001OF00000Ip5kvYAB,0.03125,0
,GCXL,001OF00000ImOlgYAF,0.09,775
,GFFS,001OF00000ImOlgYAF,0.09,162.5
,GFSD,001OF00000Ip5kvYAB,0.09,87.5
,GFSJ,001OF00000IMTqfYAH,0.09,800
,GFSX,001OF00000IGTLUYA5,0.09,50
,GNAS,001OF00000IhzM4YAJ,0.03125,0
,GXAS,001OF00000JQeDQYA1,0.0312,0
,GZAS,001OF00000IVUNgYAP,0.03125,50
,GCXL,0011G00000vibZ3QAI,0.03125,25
,FSXL,001OF00000JN4nzYAD,0.03125,50
,FNAS,001OF00000IhzM4YAJ,0.03125,75
,GASR,001OF00000INEPhYAP,0.03125,325
,GNAS,001OF00000IGTLUYA5,0.09,50
,GXAS,001OF00000IMTqfYAH,0.09,50
0061G00000JJOVhQAP,GASK,001OF00000IiTX3YAN,0.09,50
0061G00000OLNVMQA5,GASE,0011G00000vibZ3QAI,0.09,50
0061G00000OLNVbQAP,GNAS,0011G00000vibZ3QAI,0.09,75
0061G00000QYNfAQAX,GXAS,001OF00000ImOlgYAF,0.03125,25
006OF00000ECIluYAH,GXAS,0011G00000vibZ3QAI,0.09,25
006Ho00000QxdiMIAR,GFSX,001OF00000IkAtGYAV,0.09,50
006OF00000F8L4IYAV,FNAS,001OF00000IfWg4YAF,0.09,25
,GZAS,001OF00000IkAtGYAV,0.09,75
0061G00000PiMDhQAN,GFSX,001OF00000JN4nzYAD,0.03125,50
006Ho00000RfwOlIAJ,GASK,001OF00000IkA5HYAV,0.0312,50
,FASP,001OF00000IhzM4YAJ,0.03125,25
,FASW,001OF00000IkAtGYAV,0.03125,25
,FSXL,001OF00000IkAtGYAV,0.03125,125
0061G00000HmUE8QAN,FJAS,001OF00000IkA5HYAV,0.03125,25
0061G00000HmW8JQAV,FJAS,001OF00000IfKIFYA3,0.03125,25
0061G00000NvTmkQAF,GBAS,001OF00000IfKIFYA3,0.09,50
0061G00000PObvzQAD,FSYX,001OF00000IsolUYAR,0.03125,50
0061G00000ONhXSQA1,FSNP,001OF00000ImHvVYAV,0.015,25
,FJAS,001OF00000ImHvVYAV,0.015,75
,FSNY,001OF00000ImOlgYAF,0.015,75
,GASR,001OF00000IhzM4YAJ,0.015,175
,GXAS,001OF00000IfWg4YAF,0.09,75
,GZAS,0011G00000vibZ3QAI,0.03125,50
0063700000F6OQwAAN,FASY,001OF00000IfpYsYAJ,0.03125,50
,FASP,001OF00000IfKIFYA3,0.03125,25
,FASW,0011G00000vibZ3QAI,0.03125,150
,FJAS,001OF00000IVUNgYAP,0.03125,75
,GASL,001OF00000Ip5kvYAB,0.0312,125
,GZAS,001OF00000IsolUYAR,0.0312,25
0061G00000LSfzcQAD,GASR,001OF00000IfpYsYAJ,0.03125,25
,FTXL,001OF00000IfKIFYA3,0.03125,150
,FBXL,001OF00000ImOlgYAF,0.03125,75
,FJAS,001OF00000Ip5kvYAB,0.03125,75
,FSXL,001OF00000JQeDQYA1,0.03125,50
,GASR,001OF00000IfWg4YAF,0.09,75
,FASR,001OF00000IfpYsYAJ,0.09,75
,FASW,001OF00000IiTX3YAN,0.09,175
,FCXL,001OF00000IiTX3YAN,0.09,25
,FSXL,001OF00000INEPhYAP,0.09,125
,GASL,001OF00000IdyEuYAJ,0.03125,50
0063700000F4gehAAB,FJAS,001OF00000IdyEuYAJ,0.09,25
,FASY,001OF00000IkAtGYAV,0.09,25
,FBXL,001OF00000IkA5HYAV,0.09,150
,FASR,001OF00000IiTX3YAN,0.09,25
,FTXL,001OF00000IkA5HYAV,0.015,150
,FASP,001OF00000IVUNgYAP,0.015,15
,FLAS,001OF00000JN4nzYAD,0.015,100
,FSXL,001OF00000IkA5HYAV,0.015,50
,FTXL,001OF00000IiTX3YAN,0.09,50
006OF00000HQjXbYAL,FSBR,001OF00000ImOlgYAF,0.03125,50
,FSXL,001OF00000ImHvVYAV,0.03125,25
0061G00000J5rZrQAJ,GASW,001OF00000IiTX3YAN,0.03125,25
0061G00000Ogq1bQAB,FSFP,001OF00000IMTqfYAH,0.03125,25
,FSXL,001OF00000Ioq13YAB,0.03125,50
,GZAS,001OF00000IhzM4YAJ,0.0312,75
0061G00000Nty9iQAB,FSFS,001OF00000IGTLUYA5,0.03125,25
,FBXL,001OF00000Ip5kvYAB,0.03125,100
,GAAS,001OF00000JN4nzYAD,0.03125,125
,GASL,001OF00000IMTqfYAH,0.03125,50
,GZAS,001OF00000IGTLUYA5,0.015,75
0061G00000QkDCeQAN,FASY,001OF00000IGTLUYA5,0.025,25
0063700000H48UYAAZ,FASR,001OF00000JQeDQYA1,0.0312,12.5
,FBXL,001OF00000IGTLUYA5,0.015,50
,FBXL,001OF00000IiTX3YAN,0.09,45
,FLAS,001OF00000INEPhYAP,0.0312,25
,GASL,001OF00000IfpYsYAJ,0.03125,37.5
,GZAS,001OF00000IfWg4YAF,0.03125,50
,FBXL,001OF00000INEPhYAP,0.03125,100
,FIAS,001OF00000Ioq13YAB,0.03125,25
,GASR,001OF00000IiTX3YAN,0.03125,75
,FTXL,001OF00000IdyEuYAJ,0.09,50
,FCXL,001OF00000JN4nzYAD,0.09,150
,FTXL,001OF00000ImHvVYAV,0.09,100
0061G00000NvC7IQAV,FSFS,001OF00000IhzM4YAJ,0.09,50
006OF00000DYIELYA5,FASV,001OF00000Ioq13YAB,0.09,50
,FTXL,001OF00000IGTLUYA5,0.03125,100
,GZAS,001OF00000JN4nzYAD,0.03125,75
,FBXL,001OF00000IhzM4YAJ,0.015,125
,FASP,001OF00000IiTX3YAN,0.015,75
,FBXL,001OF00000IVUNgYAP,0.015,93
,FCXL,001OF00000IGTLUYA5,0.03125,100
,GCXL,001OF00000IMTqfYAH,0.03125,26.1
,FCXL,001OF00000IdyEuYAJ,0.03125,50
,FASW,001OF00000JN4nzYAD,0.03125,50
0061G00000Nuy6lQAB,FSFS,001OF00000IMTqfYAH,0.03125,50
,FCXL,001OF00000IfKIFYA3,0.03125,200
,FTXL,001OF00000IhzM4YAJ,0.015,400
,FCXL,001OF00000IfWg4YAF,0.015,525
,FLAS,001OF00000IkA5HYAV,0.015,125
0063700000Dw1xTAAR,FJAS,001OF00000IMTqfYAH,0.03125,25
,FCXL,001OF00000IVUNgYAP,0.03125,100
,FASP,001OF00000ImHvVYAV,0.03125,75
,FASW,001OF00000JQeDQYA1,0.09,50
,FSXL,001OF00000IfpYsYAJ,0.012,175
,GZAS,001OF00000JQeDQYA1,0.012,25
0061G00000Fg7w0QAB,FASY,001OF00000IVUNgYAP,0.015,75
0061G00000QF3iqQAD,GXAS,001OF00000Ioq13YAB,0.015,25
006OF00000JpswKYAR,FSRY,001OF00000IfKIFYA3,0.03125,25
006OF00000JpswKYAR,GFSX,001OF00000INEPhYAP,0.09,25
,FASW,001OF00000IMTqfYAH,0.09,200
,FBXL,001OF00000JN4nzYAD,0.09,100
,FLAS,001OF00000Ioq13YAB,0.09,50
0061G00000OjhcsQAB,FSNP,001OF00000IsolUYAR,0.03125,50
0063700000ENzmoAAD,FJAS,001OF00000JN4nzYAD,0.03125,25
,FCXL,001OF00000IhzM4YAJ,0.015,100
,FTXL,001OF00000IkAtGYAV,0.015,100
0063700000Csz3XAAR,FASF,001OF00000IiTX3YAN,0.015,50
,FBXL,001OF00000IsolUYAR,0.015,100
,FLAS,001OF00000ImOlgYAF,0.09,50
,FBXL,001OF00000IkAtGYAV,0.03125,332
,FCXL,001OF00000JQeDQYA1,0.03125,50
,GASL,001OF00000IsolUYAR,0.03125,100
,FASW,001OF00000IGTLUYA5,0.03125,75
,FTXL,0011G00000vibZ3QAI,0.03125,50
,FASF,001OF00000Ioq13YAB,0.0312,75
,GASW,001OF00000IfWg4YAF,0.03125,25
0061G00000HKamPQAT,FJAS,001OF00000IfpYsYAJ,0.03125,25
0061G00000HLC66QAH,GASE,001OF00000Ioq13YAB,0.03125,25
0061G00000OO2zQQAT,FSBR,001OF00000IdyEuYAJ,0.03125,25
0063700000F5hZQAAZ,FASF,001OF00000ImHvVYAV,0.03125,75
0063700000FOGnIAAX,GASW,0011G00000vibZ3QAI,0.09,50
,FASP,001OF00000IfpYsYAJ,0.09,25
,FSNY,001OF00000IfWg4YAF,0.09,25
,GXAS,001OF00000IGTLUYA5,0.09,25
0061G00000JgaT8QAJ,GASE,001OF00000IfWg4YAF,0.09,25
0061G00000PLiWfQAL,GXAS,001OF00000IiTX3YAN,0.03125,25
,GZAS,001OF00000IkAtGYAV,0.0312,50
0061G00000NuDYmQAN,FSFS,001OF00000IfpYsYAJ,0.03125,25
,FNAS,001OF00000INEPhYAP,0.03125,50
,GFSD,001OF00000IfWg4YAF,0.03125,50
0061G00000HKnINQA1,FIAS,001OF00000INEPhYAP,0.03125,50
0061G00000JIIZdQAP,GAAS,001OF00000IfKIFYA3,0.03125,50
0061G00000OOb4vQAD,FSQX,001OF00000IGTLUYA5,0.09,25
,FSXL,001OF00000IMTqfYAH,0.09,50
0063700000Fiux5AAB,GASW,001OF00000ImOlgYAF,0.09,25
,FJAS,001OF00000IkAtGYAV,0.09,100
,FTXL,001OF00000IVUNgYAP,0.09,100
0061G00000Q7BgcQAF,GFSX,001OF00000IhzM4YAJ,0.03125,50
,FASY,001OF00000IMTqfYAH,0.09,75
,FCXL,0011G00000vibZ3QAI,0.09,150
0061G00000JKjG6QAL,GASW,001OF00000ImHvVYAV,0.09,25
0061G00000OOlhtQAD,FASQ,001OF00000Ioq13YAB,0.09,25
,GZAS,001OF00000Ip5kvYAB,0.03125,25
0061G00000PaDE9QAN,GBAS,001OF00000IhzM4YAJ,0.0312,12.5
0063700000CtGTSAA3,FASF,001OF00000ImOlgYAF,0.03125,25
,FCXL,001OF00000IMTqfYAH,0.03125,125
,GASL,001OF00000INEPhYAP,0.03125,37.5
,FSXL,001OF00000IdyEuYAJ,0.03125,75
0061G00000OkNCJQA3,FASP,001OF00000IkAtGYAV,0.03125,25
,FBXL,001OF00000IfKIFYA3,0.09,225
,FLAS,001OF00000IGTLUYA5,0.015,300
,FCXL,001OF00000Ioq13YAB,0.025,125
,GASL,001OF00000JQeDQYA1,0.0312,25
0061G00000OM9ogQAD,FSFO,001OF00000JN4nzYAD,0.015,25
0061G00000QGkUXQA1,FSFP,001OF00000IfpYsYAJ,0.09,25
,FSNY,001OF00000Ip5kvYAB,0.0312,25
,GASR,001OF00000IMTqfYAH,0.03125,75
,GXAS,001OF00000IhzM4YAJ,0.03125,25
0061G00000PP9dkQAD,FSNY,001OF00000IGTLUYA5,0.03125,25
,FASR,001OF00000JN4nzYAD,0.03125,25
,FSXL,001OF00000IGTLUYA5,0.03125,50
,GZAS,001OF00000ImOlgYAF,0.09,75
,FIAS,001OF00000IhzM4YAJ,0.09,75
,GXAS,001OF00000JN4nzYAD,0.09,75
0061G00000LSUnVQAX,GASK,001OF00000ImOlgYAF,0.09,75
0063700000FhsaHAAR,FIAS,001OF00000IkAtGYAV,0.09,100
0063700000H2aW8AAJ,FIAS,001OF00000ImHvVYAV,0.03125,50
006OF000003HPJhYAO,FSBR,001OF00000ImHvVYAV,0.03125,25
,GZAS,001OF00000INEPhYAP,0.015,75
,FIAS,001OF00000JN4nzYAD,0.015,25
,FSUP,001OF00000IiTX3YAN,0.015,25
,GASR,001OF00000ImOlgYAF,0.03125,25
006OF00000EFGCUYA5,FSFP,001OF00000IdyEuYAJ,0.03125,50
,GASR,0011G00000vibZ3QAI,0.03125,50
,FASW,001OF00000IkAtGYAV,0.03125,150
,FLAS,001OF00000IsolUYAR,0.03125,100
,FSXL,001OF00000IfWg4YAF,0.03125,100
,GCXL,001OF00000IdyEuYAJ,0.015,50
,FASY,001OF00000ImHvVYAV,0.015,25
,GZAS,001OF00000IfWg4YAF,0.015,125
,FSXL,001OF00000Ip5kvYAB,0.03125,50
,FLAS,001OF00000IdyEuYAJ,0.03125,25
,FTXL,001OF00000Ip5kvYAB,0.03125,75
,GCXL,001OF00000Ioq13YAB,0.09,50
,FCXL,001OF00000IkA5HYAV,0.012,50
,GCXL,001OF00000IfpYsYAJ,0.012,50
,FCXL,001OF00000IfpYsYAJ,0.015,100
,FCXL,001OF00000Ip5kvYAB,0.015,50
,FASW,001OF00000Ioq13YAB,0.03125,50
,FASY,001OF00000INEPhYAP,0.09,75
,FCXL,001OF00000ImOlgYAF,0.09,25
,FASW,001OF00000IfpYsYAJ,0.09,75
,FSXL,001OF00000ImOlgYAF,0.09,175
,GASL,001OF00000IkAtGYAV,0.03125,100
,FASP,001OF00000Ioq13YAB,0.03125,50
,GASW,001OF00000IMTqfYAH,0.015,75
0061G00000JgjlUQAR,GAAS,001OF00000IVUNgYAP,0.015,25
,FTXL,001OF00000INEPhYAP,0.015,100
,FTXL,001OF00000Ioq13YAB,0.015,125
,FASW,001OF00000ImHvVYAV,0.09,150
006Ho00000QgPigIAF,GBAS,001OF00000IfWg4YAF,0.03125,25
,FIAS,001OF00000IkA5HYAV,0.03125,50
,FSXL,001OF00000IiTX3YAN,0.03125,100
0061G00000NuUXgQAN,FSFS,001OF00000IfWg4YAF,0.03125,25
,FASW,0011G00000vibZ3QAI,0.03125,75
,GASR,001OF00000IsolUYAR,0.0312,75
,GCXL,001OF00000IGTLUYA5,0.03125,125
0063700000FOGmtAAH,FASR,001OF00000INEPhYAP,0.03125,25
,GASR,001OF00000ImHvVYAV,0.03125,25
,FCXL,001OF00000IsolUYAR,0.03125,50
,FLAS,001OF00000IfpYsYAJ,0.03125,50
,FIAS,001OF00000IfpYsYAJ,0.09,25
,FSUP,001OF00000JQeDQYA1,0.09,25
,GASR,001OF00000Ioq13YAB,0.09,25
,FASP,001OF00000IsolUYAR,0.09,100
,FASW,001OF00000JN4nzYAD,0.09,50
0061G00000LRoOlQAL,GAAS,001OF00000IGTLUYA5,0.03125,50
,FTXL,001OF00000IfpYsYAJ,0.0312,100
,FASP,001OF00000IMTqfYAH,0.03125,225
,FIAS,001OF00000IMTqfYAH,0.03125,150
,FSNY,001OF00000IhzM4YAJ,0.03125,150
,FTXL,001OF00000IfWg4YAF,0.03125,200
,GXAS,001OF00000IVUNgYAP,0.03125,150
,FSXL,001OF00000IfKIFYA3,0.09,175
,FJAS,001OF00000IhzM4YAJ,0.09,75
,FASY,001OF00000IkA5HYAV,0.09,25
,GCXL,001OF00000IfKIFYA3,0.09,25
,GZAS,001OF00000JN4nzYAD,0.09,50
,FIAS,001OF00000ImOlgYAF,0.03125,25
0063700000F7uodAAB,GASR,001OF00000IkAtGYAV,0.09,25
006OF00000DtJAbYAN,FNAS,001OF00000JQeDQYA1,0.09,50
006OF00000Cdr0kYAB,GFSD,0011G00000vibZ3QAI,0.09,50
006OF00000J9kIPYAZ,FSJR,001OF00000IfWg4YAF,0.09,75
,GCXL,001OF00000INEPhYAP,0.03125,25
,FASP,001OF00000IhzM4YAJ,0.0312,12.5
,GZAS,001OF00000IdyEuYAJ,0.03125,50
,GCXL,001OF00000IVUNgYAP,0.03125,25
,FASR,001OF00000IMTqfYAH,0.03125,25
0063700000H2C74AAF,FASR,001OF00000ImOlgYAF,0.03125,12.5
006OF00000CVi7VYAT,FNAS,001OF00000IsolUYAR,0.03125,25
0063700000EMtaqAAD,FJAS,001OF00000INEPhYAP,0.09,25
0063700000F7AnSAAV,FASF,001OF00000JN4nzYAD,0.03125,12.5
,FASW,001OF00000IkA5HYAV,0.015,50
0063700000EORWOAA5,FASR,001OF00000IfKIFYA3,0.015,50
,FASY,001OF00000IiTX3YAN,0.015,25
,GZAS,001OF00000IGTLUYA5,0.015,25
,FIAS,001OF00000IsolUYAR,0.09,75
,FSUP,001OF00000IsolUYAR,0.03125,125
,GASR,001OF00000JN4nzYAD,0.03125,150
0061G00000HWdhKQAT,GASR,001OF00000Ip5kvYAB,0.03125,25
0061G00000NuUWMQA3,FSFS,001OF00000INEPhYAP,0.03125,50
006Ho00000RfUsVIAV,FSEF,001OF00000Ioq13YAB,0.03125,25
006OF00000IMPGoYAP,FASV,001OF00000IVUNgYAP,0.0312,25
,FIAS,001OF00000IfWg4YAF,0.0312,25
,GASR,001OF00000IVUNgYAP,0.03125,25
006Ho00000Rf3vLIAR,FASQ,001OF00000IGTLUYA5,0.03125,75
,FBXL,001OF00000IMTqfYAH,0.03125,75
,GASL,001OF00000Ioq13YAB,0.03125,100
006Ho00000SGilNIAT,FASQ,001OF00000JN4nzYAD,0.03125,25
006Ho00000SGjPmIAL,FSYX,001OF00000JN4nzYAD,0.09,25
006Ho00000SGjPmIAL,GASE,001OF00000IfpYsYAJ,0.09,25
,FASP,001OF00000JQeDQYA1,0.09,125
,GASR,001OF00000IhzM4YAJ,0.09,25
,FASP,001OF00000ImHvVYAV,0.09,100
,FSXL,001OF00000IhzM4YAJ,0.03125,25
,GASR,001OF00000INEPhYAP,0.09,25
,FIAS,001OF00000IVUNgYAP,0.09,50
,GASR,001OF00000IfpYsYAJ,0.09,50
,FASP,001OF00000IfKIFYA3,0.09,75
0061G00000LTwcGQAT,GASR,001OF00000IsolUYAR,0.015,25
,FASP,001OF00000IGTLUYA5,0.015,50
,FASW,001OF00000ImOlgYAF,0.015,75
,GZAS,001OF00000IhzM4YAJ,0.015,25
0061G00000NcO6qQAF,GNAS,001OF00000Ioq13YAB,0.09,25
,FASW,001OF00000Ip5kvYAB,0.03125,50
,FASY,001OF00000Ioq13YAB,0.03125,75
,FJAS,001OF00000IsolUYAR,0.03125,25
0061G00000JILg7QAH,GAAS,001OF00000IiTX3YAN,0.03125,25
0063700000ENd3YAAT,FJAS,0011G00000vibZ3QAI,0.03125,50
0063700000FkJ3YAAV,GASW,001OF00000IdyEuYAJ,0.0312,25
0061G00000OEbYpQAL,GFSX,001OF00000Ip5kvYAB,0.03125,25
,GFSX,001OF00000IiTX3YAN,0.03125,50
0061G00000Fe30AQAR,GASW,001OF00000Ip5kvYAB,0.03125,25
,FASP,001OF00000IVUNgYAP,0.03125,25
0063700000F7BTIAA3,FASF,001OF00000IkAtGYAV,0.015,25
,FASR,0011G00000vibZ3QAI,0.025,12.5
0063700000H2z6JAAR,FASR,001OF00000IfWg4YAF,0.0312,25
,FASR,001OF00000IkAtGYAV,0.015,25
,FCXL,001OF00000INEPhYAP,0.09,75
,FTXL,001OF00000JQeDQYA1,0.0312,75
0061G00000IZXTQQA5,FASP,001OF00000IfWg4YAF,0.03125,35
,FNAS,001OF00000IkA5HYAV,0.03125,25
,GASW,001OF00000JN4nzYAD,0.03125,25
0063700000FLTFbAAP,FASY,001OF00000JQeDQYA1,0.03125,25
,FASF,001OF00000IfWg4YAF,0.03125,100
,FASR,001OF00000IdyEuYAJ,0.09,50
,GASE,001OF00000ImHvVYAV,0.09,50
,GZAS,0011G00000vibZ3QAI,0.09,225
,GASR,001OF00000IkA5HYAV,0.09,62.5
006Ho00000SdapWIAR,FSDN,001OF00000IkA5HYAV,0.03125,25
0061G00000NuguYQAR,GBAS,001OF00000Ioq13YAB,0.03125,25
,FASP,001OF00000IfpYsYAJ,0.015,75
,GASR,001OF00000Ioq13YAB,0.015,75
,GCXL,001OF00000IhzM4YAJ,0.015,125
0061G00000J69TDQAZ,GASW,001OF00000IhzM4YAJ,0.03125,50
,FASY,001OF00000ImOlgYAF,0.03125,75
,FJAS,001OF00000IMTqfYAH,0.03125,75
,GZAS,001OF00000IVUNgYAP,0.03125,125
,FLAS,001OF00000JQeDQYA1,0.03125,25
,GASR,001OF00000IiTX3YAN,0.03125,25
0063700000E2nTPAAZ,FASF,001OF00000IfKIFYA3,0.015,25
0063700000FiWaKAAV,FSRX,001OF00000IiTX3YAN,0.015,25
0063700000FiWaKAAV,GASK,001OF00000Ip5kvYAB,0.015,25
,FASP,001OF00000IdyEuYAJ,0.03125,10
,FASP,001OF00000INEPhYAP,0.03125,12.5
,FLAS,001OF00000IfKIFYA3,0.03125,12.5
,FASP,0011G00000vibZ3QAI,0.09,12.5
,FASP,001OF00000IkA5HYAV,0.012,75
,GASL,001OF00000IGTLUYA5,0.012,50
,GZAS,001OF00000Ioq13YAB,0.015,75
,FIAS,001OF00000JQeDQYA1,0.015,25
,FSUP,001OF00000IkAtGYAV,0.03125,25
,GASR,001OF00000IkAtGYAV,0.09,25
,GASR,001OF00000IdyEuYAJ,0.09,25
0061G00000HLUGRQA5,GASW,001OF00000IkA5HYAV,0.09,25
,FBXL,001OF00000Ioq13YAB,0.09,50
,GASL,001OF00000IfKIFYA3,0.03125,50
,GCXL,001OF00000IiTX3YAN,0.03125,25
,FASY,001OF00000IfWg4YAF,0.015,37.5
,FSXL,0011G00000vibZ3QAI,0.015,25
,FJAS,001OF00000IfWg4YAF,0.015,25
,FSXL,001OF00000IsolUYAR,0.015,25
0061G00000I68uaQAB,GASE,001OF00000IdyEuYAJ,0.09,25
,FASP,001OF00000IkAtGYAV,0.03125,50
,FASR,001OF00000Ioq13YAB,0.03125,50
,FJAS,001OF00000INEPhYAP,0.03125,75
,FNAS,001OF00000IGTLUYA5,0.03125,25
,GFSD,001OF00000IhzM4YAJ,0.03125,25
0061G00000JJvfqQAD,GAAS,001OF00000IdyEuYAJ,0.0312,25
,FASP,001OF00000IiTX3YAN,0.03125,25
,FASQ,001OF00000JQeDQYA1,0.03125,25
,FASR,001OF00000ImHvVYAV,0.03125,50
,FNAS,001OF00000IfWg4YAF,0.03125,125
,FTXL,001OF00000IMTqfYAH,0.03125,25
,GFSD,001OF00000IfpYsYAJ,0.09,125
0061G00000HWqIqQAL,FIAS,001OF00000IdyEuYAJ,0.09,125
,FLAS,001OF00000IVUNgYAP,0.09,50
,FASY,001OF00000IfKIFYA3,0.09,25
,GASR,001OF00000JN4nzYAD,0.09,75
0061G00000HZUhAQAX,GASW,001OF00000Ioq13YAB,0.03125,25
0061G00000HlkDAQAZ,GASE,001OF00000IMTqfYAH,0.0312,50
0063700000FjG62AAF,FASY,001OF00000IsolUYAR,0.03125,50
0063700000FjG7HAAV,FASF,001OF00000INEPhYAP,0.03125,25
,FASR,001OF00000IhzM4YAJ,0.03125,25
0061G00000Q88MAQAZ,GFSX,001OF00000ImHvVYAV,0.03125,25
0063700000EJxgsAAD,GZAS,001OF00000IfKIFYA3,0.03125,25
,FASW,001OF00000IfWg4YAF,0.09,25
0061G00000I5UnyQAF,GZAS,001OF00000IkA5HYAV,0.09,25
0061G00000IZvfZQAT,FASR,001OF00000Ip5kvYAB,0.09,25
0063700000DB9pXAAT,FJAS,001OF00000JQeDQYA1,0.09,25
,FASR,001OF00000JN4nzYAD,0.09,200
,FIAS,0011G00000vibZ3QAI,0.03125,100
0063700000H2Uo8AAF,GASE,001OF00000IhzM4YAJ,0.09,50
,FASW,001OF00000IVUNgYAP,0.09,100
,FASP,001OF00000JN4nzYAD,0.09,25
,FASW,001OF00000IdyEuYAJ,0.09,25
0061G00000JHl8XQAT,GASW,001OF00000IkAtGYAV,0.03125,50
0061G00000JgeX6QAJ,GAAS,001OF00000INEPhYAP,0.0312,25
0061G00000LUbLuQAL,GASR,001OF00000JQeDQYA1,0.03125,25
0061G00000NuK6FQAV,FASP,001OF00000ImOlgYAF,0.03125,25
006Ho00000RhPDfIAN,FSQX,001OF00000ImHvVYAV,0.03125,50
,GCXL,001OF00000IfWg4YAF,0.03125,25
0063700000F5hs0AAB,GZAS,001OF00000ImHvVYAV,0.03125,25
,FSFP,001OF00000IkA5HYAV,0.09,50
0061G00000QXZZEQA5,FSFP,001OF00000ImHvVYAV,0.015,75
0061G00000QXfYhQAL,GFFS,001OF00000IMTqfYAH,0.025,50
,GZAS,001OF00000IiTX3YAN,0.0312,75
,GASW,001OF00000IfpYsYAJ,0.015,75
0063700000Fl7RWAAZ,FASR,001OF00000IkA5HYAV,0.09,100
0063700000H2ViQAAV,GASW,001OF00000IiTX3YAN,0.0312,100
006Ho00000QevvVIAR,FASP,001OF00000Ip5kvYAB,0.03125,25
006Ho00000QevvVIAR,FASW,001OF00000IhzM4YAJ,0.03125,25
006Ho00000QevvVIAR,GASR,001OF00000IfKIFYA3,0.03125,25
,FIAS,001OF00000Ip5kvYAB,0.03125,50
,GASR,0011G00000vibZ3QAI,0.03125,100
,FASR,001OF00000IsolUYAR,0.09,150
,FASV,001OF00000INEPhYAP,0.09,300
0061G00000J68VDQAZ,GASR,001OF00000IGTLUYA5,0.09,50
,FLAS,001OF00000IiTX3YAN,0.09,12.5
,GASL,001OF00000IhzM4YAJ,0.09,75
0063700000Enji2AAB,FJAS,001OF00000IGTLUYA5,0.03125,25
0061G00000Nv0QZQAZ,GBAS,001OF00000IfpYsYAJ,0.03125,50
,FSXL,001OF00000IkA5HYAV,0.015,16.3
,FASY,001OF00000JN4nzYAD,0.015,25
,FASY,001OF00000IdyEuYAJ,0.015,25
,FASW,001OF00000JQeDQYA1,0.03125,50
0061G00000Gqb6DQAR,GAAS,001OF00000IkAtGYAV,0.03125,50
0063700000H2UoNAAV,GASE,001OF00000INEPhYAP,0.03125,50
006OF00000AwQioYAF,GASE,001OF00000IkAtGYAV,0.03125,25
006OF00000Ju08tYAB,FSYX,001OF00000IGTLUYA5,0.03125,50
,FASY,0011G00000vibZ3QAI,0.03125,50
,FJAS,001OF00000IkA5HYAV,0.015,25
,FSXL,001OF00000IdyEuYAJ,0.015,50
0061G00000QHuPDQA1,GXAS,001OF00000Ip5kvYAB,0.015,25
,FSRX,001OF00000ImOlgYAF,0.03125,50
0061G00000IZpe1QAD,GASK,001OF00000IVUNgYAP,0.03125,50
,FNAS,001OF00000IdyEuYAJ,0.03125,25
,GNAS,001OF00000IfpYsYAJ,0.09,50
0061G00000HZYdOQAX,GASR,001OF00000IfWg4YAF,0.012,25
0061G00000LSuZ0QAL,FNAS,001OF00000IkA5HYAV,0.012,25
006OF000006gcYVYAY,FSDN,0011G00000vibZ3QAI,0.015,25
0061G00000NvAgfQAF,FSFS,001OF00000ImOlgYAF,0.015,25
0061G00000NvAgpQAF,GBAS,001OF00000INEPhYAP,0.03125,12.5
,FASY,001OF00000Ip5kvYAB,0.09,50
0063700000H2UntAAF,FASF,001OF00000IGTLUYA5,0.09,75
,FCXL,001OF00000ImHvVYAV,0.09,150
,FASP,001OF00000IiTX3YAN,0.09,37.5
0063700000FijhhAAB,FASP,0011G00000vibZ3QAI,0.03125,25
0061G00000IWUVVQA5,GASW,001OF00000ImOlgYAF,0.03125,25
,FCXL,001OF00000IhzM4YAJ,0.015,150
,GXAS,001OF00000IkAtGYAV,0.015,50
0061G00000HVwgCQAT,FIAS,001OF00000IfKIFYA3,0.015,50
0061G00000Ovp53QAB,GNAS,001OF00000INEPhYAP,0.015,12.5
0063700000FNu9aAAD,FASR,001OF00000IdyEuYAJ,0.09,25
0063700000H2VdaAAF,GASW,001OF00000IfWg4YAF,0.03125,25
,FASV,001OF00000JN4nzYAD,0.03125,200
0061G00000Hk13tQAB,GASE,001OF00000Ioq13YAB,0.03125,100
0063700000FiW16AAF,FIAS,001OF00000INEPhYAP,0.03125,100
0063700000H2VcrAAF,GASE,001OF00000IsolUYAR,0.03125,100
0063700000FjVSJAA3,FIAS,001OF00000IiTX3YAN,0.0312,50
,FJAS,001OF00000IfpYsYAJ,0.03125,25
0061G00000IY1HVQA1,GASW,001OF00000IfKIFYA3,0.03125,25
0061G00000JjF9ZQAV,GASR,001OF00000ImHvVYAV,0.03125,25
0061G00000LSvxhQAD,FASF,001OF00000IMTqfYAH,0.03125,37.5
0061G00000LSvxhQAD,GASE,001OF00000IfpYsYAJ,0.03125,12.5
,FJAS,001OF00000IiTX3YAN,0.09,25
0061G00000IXsF0QAL,FSRX,001OF00000IkAtGYAV,0.09,25
0061G00000IXsF0QAL,GASK,001OF00000IsolUYAR,0.09,25
,FIAS,001OF00000IhzM4YAJ,0.09,50
,FSNY,001OF00000IdyEuYAJ,0.09,200
,FSUP,001OF00000Ioq13YAB,0.03125,50
,GXAS,001OF00000JQeDQYA1,0.0312,125
0061G00000HYvl3QAD,GASR,001OF00000IMTqfYAH,0.03125,50
0061G00000J4yAUQAZ,GASK,001OF00000ImHvVYAV,0.03125,25
0063700000DxJOoAAN,FASF,001OF00000JQeDQYA1,0.03125,100
006OF00000FPCtPYAX,FSFP,001OF00000JN4nzYAD,0.03125,25
0063700000DyDDcAAN,FASR,001OF00000IiTX3YAN,0.03125,25
0063700000EqArYAAV,FASW,001OF00000IiTX3YAN,0.09,25
0061G00000Oj6KxQAJ,FSFP,001OF00000IhzM4YAJ,0.09,50
006OF00000JkgZGYAZ,FSRY,001OF00000IkA5HYAV,0.09,50
0063700000EI3fKAAT,FASP,001OF00000IkAtGYAV,0.09,25
0063700000FYDLuAAP,FASR,001OF00000IMTqfYAH,0.09,25
0063700000H2VgyAAF,GASW,001OF00000IdyEuYAJ,0.03125,25
0063700000EIY4BAAX,FASY,001OF00000IfKIFYA3,0.09,25
0061G00000QlXOBQA3,FSQX,001OF00000IfpYsYAJ,0.09,75
,FSFO,001OF00000ImOlgYAF,0.09,25
0061G00000LSEb8QAH,FASW,001OF00000IsolUYAR,0.09,25
0061G00000NcwUBQAZ,FASW,001OF00000IfKIFYA3,0.03125,25
0061G00000NujKOQAZ,FSFO,001OF00000IiTX3YAN,0.0312,50
,FASY,001OF00000IsolUYAR,0.03125,62.5
,FNAS,001OF00000Ip5kvYAB,0.03125,62.5
,GFSD,001OF00000IdyEuYAJ,0.03125,62.5
0063700000EMFc9AAH,GASR,001OF00000ImOlgYAF,0.03125,25
0063700000EMtemAAD,GASR,001OF00000IVUNgYAP,0.03125,75
0061G00000Nv137QAB,FIAS,001OF00000Ioq13YAB,0.09,50
0061G00000ON67EQAT,FASP,001OF00000IkA5HYAV,0.03125,50
0061G00000QHYS3QAP,FSFP,001OF00000ImOlgYAF,0.015,50
0063700000Eq0C4AAJ,FASR,001OF00000INEPhYAP,0.015,12.5
0063700000Eq0C4AAJ,FASW,001OF00000INEPhYAP,0.015,25
0061G00000NdhBNQAZ,FSFS,001OF00000IiTX3YAN,0.015,25
0063700000EpQgeAAF,GASR,001OF00000IkA5HYAV,0.09,25
0061G00000LUFTbQAP,FASR,001OF00000JQeDQYA1,0.03125,50
0061G00000OggScQAJ,FASP,001OF00000IhzM4YAJ,0.03125,25
0061G00000OggScQAJ,GASR,001OF00000IsolUYAR,0.03125,25
0063700000F5nA8AAJ,FASR,0011G00000vibZ3QAI,0.03125,25
0063700000FOFH7AAP,FASR,001OF00000IVUNgYAP,0.03125,50
0063700000H3m0nAAB,GASW,001OF00000INEPhYAP,0.0312,50
0061G00000OGZ2rQAH,FSQX,001OF00000JN4nzYAD,0.0312,25
0063700000FNI4dAAH,FASY,001OF00000Ioq13YAB,0.03125,25
0063700000H466MAAR,FASY,001OF00000IiTX3YAN,0.03125,25
0061G00000HL8DIQA1,GASE,001OF00000IiTX3YAN,0.03125,37.5
0061G00000PP9ZTQA1,GXAS,001OF00000ImOlgYAF,0.03125,12.5
0063700000FOCevAAH,FASF,001OF00000Ip5kvYAB,0.03125,100
0061G00000LURKuQAP,FASP,001OF00000INEPhYAP,0.09,25
0063700000FOS4oAAH,FASF,001OF00000ImHvVYAV,0.09,37.5
006Ho00000SqJIYIA3,FSQX,001OF00000Ioq13YAB,0.09,25
006OF00000667xpYAA,GFSD,001OF00000IsolUYAR,0.09,25
006OF0000069Vh5YAE,GFSD,001OF00000INEPhYAP,0.09,25
006OF00000EGU25YAH,GFSD,001OF00000JN4nzYAD,0.03125,25
,FNAS,001OF00000INEPhYAP,0.09,100
0061G00000Fe2xGQAR,GASW,0011G00000vibZ3QAI,0.09,100
,FASF,001OF00000IMTqfYAH,0.09,25
0063700000FkTV9AAN,FASF,001OF00000Ioq13YAB,0.09,37.5
0063700000H3V7HAAV,FASF,001OF00000IkA5HYAV,0.015,12.5
0063700000FiDG8AAN,FASR,001OF00000ImOlgYAF,0.015,50
0063700000H2ViLAAV,GASW,001OF00000Ip5kvYAB,0.015,50
0063700000FiW1GAAV,FASF,001OF00000JN4nzYAD,0.015,50
0061G00000LUs6wQAD,FASW,001OF00000Ioq13YAB,0.09,25
,FASR,001OF00000IfWg4YAF,0.03125,25
0063700000FibeIAAR,FASR,001OF00000ImHvVYAV,0.03125,25
0063700000H2gRrAAJ,GASR,001OF00000IfpYsYAJ,0.03125,25
0063700000Fj6EyAAJ,FASY,001OF00000ImOlgYAF,0.03125,25
0063700000FjJNbAAN,FASR,001OF00000IkAtGYAV,0.03125,25
0063700000H2ViGAAV,GASW,001OF00000IMTqfYAH,0.0312,25
0063700000Fjl5HAAR,GASW,001OF00000JN4nzYAD,0.03125,50
0061G00000HLMZnQAP,FASW,001OF00000IsolUYAR,0.03125,25
0061G00000Ndjh3QAB,GZAS,001OF00000IfpYsYAJ,0.03125,25
0063700000FkEi4AAF,GZAS,001OF00000IMTqfYAH,0.03125,25
006Ho00000QxDNbIAN,GZAS,001OF00000IsolUYAR,0.015,25
0063700000FkFxPAAV,GASK,001OF00000INEPhYAP,0.025,50
,FSUP,001OF00000IGTLUYA5,0.0312,50
0061G00000HY7dHQAT,FASR,001OF00000Ioq13YAB,0.015,12.5
0061G00000IaRsyQAF,FASR,001OF00000IfpYsYAJ,0.09,12.5
0061G00000Ne64uQAB,FIAS,001OF00000IGTLUYA5,0.0312,50
0063700000FkHPSAA3,FASR,001OF00000IGTLUYA5,0.03125,25
0063700000H2yLIAAZ,FASP,001OF00000JQeDQYA1,0.03125,25
0061G00000IZgpyQAD,GASL,001OF00000ImHvVYAV,0.03125,25
0061G00000JGouIQAT,FASW,001OF00000ImHvVYAV,0.03125,25
0061G00000JHIeFQAX,FASY,001OF00000ImHvVYAV,0.03125,25
0061G00000HLgMyQAL,FASY,001OF00000IMTqfYAH,0.09,25
0063700000H2UkkAAF,FASY,001OF00000INEPhYAP,0.09,25
0061G00000LRo3iQAD,GAAS,001OF00000Ip5kvYAB,0.09,25
,FASF,001OF00000IfKIFYA3,0.09,25
0063700000GG4ZMAA1,FASF,001OF00000IVUNgYAP,0.09,50
0061G00000JjqlhQAB,FASR,001OF00000IfKIFYA3,0.03125,25
0061G00000JjqlhQAB,GASR,001OF00000INEPhYAP,0.03125,25
,GXAS,001OF00000IfpYsYAJ,0.015,50
0063700000H39YTAAZ,FIAS,001OF00000ImHvVYAV,0.015,50
,FCXL,001OF00000Ip5kvYAB,0.015,50
,FLAS,001OF00000IfWg4YAF,0.03125,50
,GASL,0011G00000vibZ3QAI,0.03125,75
0061G00000JHK1MQAX,FASF,001OF00000IfpYsYAJ,0.03125,25
0063700000H49ucAAB,GASE,001OF00000ImHvVYAV,0.03125,37.5
006OF00000IMGAFYA5,GBAS,001OF00000JN4nzYAD,0.03125,12.5
006Ho00000QerMFIAZ,FSFO,001OF00000JQeDQYA1,0.03125,12.5
006Ho00000QeyT7IAJ,FSFO,001OF00000IfKIFYA3,0.015,12.5
006Ho00000Qf64YIAR,GNAS,001OF00000ImHvVYAV,0.015,25
0061G00000QedIEQAZ,FSQX,001OF00000IdyEuYAJ,0.015,25
006OF00000ENR5yYAH,FSRX,001OF00000JQeDQYA1,0.03125,25
006Ho00000QfyUWIAZ,FASW,001OF00000Ip5kvYAB,0.03125,25
006Ho00000QgPRZIA3,FSRX,001OF00000IhzM4YAJ,0.03125,25
006Ho00000QqyjOIAR,FNAS,001OF00000IMTqfYAH,0.09,25
006Ho00000QrMEuIAN,GNAS,001OF00000IdyEuYAJ,0.012,25
006OF000003Aj5SYAS,FSDN,001OF00000IhzM4YAJ,0.012,25
006OF00000DNqmRYAT,FASQ,001OF00000IfpYsYAJ,0.015,50
006Ho00000QwlQ4IAJ,FSYX,001OF00000IfWg4YAF,0.015,25
0061G00000QkZffQAF,FASQ,001OF00000IkAtGYAV,0.03125,25
006Ho00000Qv0DjIAJ,GFFS,001OF00000IdyEuYAJ,0.09,25
006OF000005gPqLYAU,GNAS,001OF00000IkAtGYAV,0.09,12.5
006Ho00000QvHYEIA3,FSEF,001OF00000IGTLUYA5,0.09,25
006Ho00000QvOHeIAN,FASP,001OF00000IGTLUYA5,0.09,25
006Ho00000QviaZIAR,GASR,001OF00000JN4nzYAD,0.03125,25
0061G00000PwOaLQAV,GXAS,001OF00000IiTX3YAN,0.03125,25
006Ho00000QvWsjIAF,FLAS,001OF00000IsolUYAR,0.015,25
006OF000007YlQIYA0,FNAS,001OF00000ImOlgYAF,0.015,25
006OF00000AjgyDYAR,FSFO,001OF00000ImHvVYAV,0.015,25
006Ho00000QvjxPIAR,FNAS,001OF00000ImHvVYAV,0.015,25
006OF00000IcA45YAF,FSFS,001OF00000IdyEuYAJ,0.09,12.5
006Ho00000Qw7KVIAZ,GFFS,001OF00000IhzM4YAJ,0.03125,37.5
006Ho00000Qw8KvIAJ,GFSX,001OF00000IfKIFYA3,0.03125,25
006Ho00000QwRp7IAF,GFFS,001OF00000IfpYsYAJ,0.03125,25
006Ho00000Qwqq5IAB,FSNP,001OF00000IdyEuYAJ,0.03125,25
0061G00000PauyQQAR,GFFS,001OF00000ImHvVYAV,0.03125,25
006Ho00000QxDokIAF,FSEF,001OF00000ImHvVYAV,0.0312,25
006Ho00000PGSr3IAH,FSEF,001OF00000IiTX3YAN,0.03125,25
006OF000008L9QJYA0,FSFO,0011G00000vibZ3QAI,0.03125,50
006Ho00000PHO2aIAH,FSYX,001OF00000JQeDQYA1,0.03125,75
006Ho00000PHcIfIAL,FSEF,001OF00000JQeDQYA1,0.03125,100
006OF000004e0FFYAY,GFSX,001OF00000IfpYsYAJ,0.03125,25
006Ho00000PHmiWIAT,FSQX,001OF00000IMTqfYAH,0.09,25
006OF00000IAAAFYA5,FSRX,001OF00000IfpYsYAJ,0.09,25
006Ho00000PHlp9IAD,FSEF,001OF00000Ip5kvYAB,0.09,25
006Ho00000SGmgYIAT,FSQX,001OF00000INEPhYAP,0.09,25
006OF000009dokYYAQ,GFSD,001OF00000IGTLUYA5,0.09,25
006Ho00000QxnFSIAZ,FASQ,001OF00000IVUNgYAP,0.03125,50
006Ho00000QxureIAB,FASW,001OF00000ImOlgYAF,0.0312,25
006Ho00000QyVLcIAN,FASP,001OF00000ImOlgYAF,0.03125,25
006Ho00000Qyd3OIAR,FASR,001OF00000Ioq13YAB,0.03125,25
006Ho00000Qyd3OIAR,GASR,001OF00000ImOlgYAF,0.03125,25
006Ho00000Qyfa8IAB,FASP,001OF00000JN4nzYAD,0.03125,25
006Ho00000QykcoIAB,FSEF,001OF00000IhzM4YAJ,0.03125,25
006Ho00000RfUqZIAV,FJAS,001OF00000JN4nzYAD,0.09,25
,FASR,001OF00000IkA5HYAV,0.09,25
,GASR,0011G00000vibZ3QAI,0.09,25
006Ho00000RhizyIAB,FASR,001OF00000IGTLUYA5,0.09,25
006OF00000DZnWDYA1,FIAS,001OF00000IMTqfYAH,0.09,75
,FSBR,001OF00000IfWg4YAF,0.03125,25
006Ho00000RheWzIAJ,FSEF,001OF00000IfKIFYA3,0.09,75
006OF000007GOojYAG,FSBR,001OF00000INEPhYAP,0.09,50
006OF00000DFgkGYAT,FSYX,001OF00000IfKIFYA3,0.09,25
006Ho00000RzuSpIAJ,FSEF,001OF00000IfpYsYAJ,0.09,75
006Ho00000QDnBiIAL,FSNP,001OF00000IfWg4YAF,0.03125,100
006Ho00000SJDnXIAX,GASK,001OF00000IfKIFYA3,0.0312,25
006OF000003GZcqYAG,GASE,001OF00000JN4nzYAD,0.03125,12.5
006OF000009I5IeYAK,FASV,001OF00000ImOlgYAF,0.03125,12.5
006OF000006WhklYAC,FJAS,001OF00000ImOlgYAF,0.03125,50
006OF00000F79VnYAJ,FASV,001OF00000IfKIFYA3,0.03125,25
006Ho00000SKV2XIAX,FASR,0011G00000vibZ3QAI,0.03125,25
006Ho00000SKV2XIAX,GASR,001OF00000IiTX3YAN,0.09,25
006OF0000068EX2YAM,FNAS,001OF00000IhzM4YAJ,0.015,50
006Ho00000ScE7bIAF,FSDN,001OF00000IVUNgYAP,0.025,25
006Ho00000SoPwdIAF,FSQX,001OF00000IkAtGYAV,0.0312,25
006OF000002xOjgYAE,FSQX,001OF00000IVUNgYAP,0.015,50
006OF000006RcLuYAK,FSNY,001OF00000IiTX3YAN,0.09,25
006OF000006RfgLYAS,GFSD,001OF00000IkA5HYAV,0.0312,25
006OF00000D6DZNYA3,FSRX,001OF00000IkA5HYAV,0.03125,50
006Ho00000SpsHBIAZ,GASR,001OF00000JQeDQYA1,0.03125,25
006OF000003yFPEYA2,GASR,001OF00000IMTqfYAH,0.03125,25
006OF00000C2q6uYAB,FNAS,001OF00000JN4nzYAD,0.03125,25
006Ho00000SctsuIAB,FSDN,001OF00000IfWg4YAF,0.03125,25
006Ho00000SdPZhIAN,FSYX,001OF00000IkA5HYAV,0.09,25
006Ho00000SdXZwIAN,FSDN,001OF00000IMTqfYAH,0.09,25
006OF000002b0CtYAI,FSRX,001OF00000JN4nzYAD,0.09,25
006OF000005eht0YAA,FSRX,001OF00000Ioq13YAB,0.09,25
006Ho00000SHhjEIAT,FSQX,001OF00000Ioq13YAB,0.09,25
006OF000008785uYAA,GFSD,001OF00000ImOlgYAF,0.03125,25
006OF000002h89IYAQ,FIAS,001OF00000IfWg4YAF,0.03125,25
006OF000006t9KBYAY,FASW,001OF00000IMTqfYAH,0.015,25
006OF00000GishqYAB,GASK,001OF00000JN4nzYAD,0.015,25
006OF000002UUxKYAW,FSDN,001OF00000IfpYsYAJ,0.015,25
006OF000002xjOEYAY,FASF,001OF00000IsolUYAR,0.03125,50
006OF00000HmzylYAB,FASQ,001OF00000IiTX3YAN,0.03125,25
,FSDN,001OF00000IdyEuYAJ,0.03125,25
006OF0000033PejYAE,FSDN,001OF00000IfKIFYA3,0.03125,50
006OF0000033hq3YAA,GFSD,001OF00000ImHvVYAV,0.03125,25
006OF0000036YrsYAE,GFSD,001OF00000IMTqfYAH,0.03125,25
006OF00000FPaSgYAL,GFSD,001OF00000Ioq13YAB,0.015,12.5
006OF00000HPngVYAT,GFSD,001OF00000IVUNgYAP,0.015,12.5
006OF000003DvwfYAC,FASR,001OF00000IfpYsYAJ,0.015,25
006OF000003DvwfYAC,GASR,001OF00000IGTLUYA5,0.03125,25
006OF000003K553YAC,FSDN,001OF00000IkAtGYAV,0.03125,25
006OF000003SA2tYAG,FASV,001OF00000IMTqfYAH,0.03125,37.5
006OF000003SRIHYA4,FASV,001OF00000IfpYsYAJ,0.09,37.5
006OF00000J9Nx1YAF,FSRY,001OF00000ImHvVYAV,0.012,125
006OF0000041isnYAA,FSBR,001OF00000IiTX3YAN,0.012,50
006OF0000048CZbYAM,FSBR,001OF00000IfKIFYA3,0.015,25
006OF000007TefaYAC,FNAS,001OF00000IfKIFYA3,0.015,50
006OF00000BpfQzYAJ,FASV,001OF00000IGTLUYA5,0.03125,75
006OF000004SFUtYAO,FSDN,001OF00000Ip5kvYAB,0.09,50
006OF000004UWeVYAW,FSFO,001OF00000INEPhYAP,0.09,25
006OF000004deMmYAI,FSDN,001OF00000ImHvVYAV,0.09,50
006OF000005KMj5YAG,FASV,001OF00000IVUNgYAP,0.09,75
006OF000005M85iYAC,FSFO,001OF00000IdyEuYAJ,0.03125,25
006OF000008v8XJYAY,FSFO,001OF00000IkA5HYAV,0.03125,25
006OF00000DnvX7YAJ,FSFP,001OF00000IiTX3YAN,0.015,25
,GFFS,001OF00000IsolUYAR,0.015,75
,GXAS,001OF00000IVUNgYAP,0.015,25
006OF00000IML9vYAH,FASV,001OF00000IdyEuYAJ,0.015,25
006OF000005kNYFYA2,FASR,001OF00000IkAtGYAV,0.09,25
,FNAS,001OF00000Ioq13YAB,0.03125,37.5
,GFSD,001OF00000JQeDQYA1,0.03125,37.5
006OF00000681jUYAQ,GFFS,001OF00000IMTqfYAH,0.03125,25
006OF000005wYHmYAM,FNAS,001OF00000JQeDQYA1,0.03125,25
006OF000006NrUqYAK,FNAS,001OF00000IsolUYAR,0.03125,75
006OF000006HujtYAC,GFSD,001OF00000IkA5HYAV,0.0312,50
006OF000006kHwrYAE,FSRX,001OF00000IhzM4YAJ,0.03125,50
006OF000006knogYAA,FNAS,001OF00000IiTX3YAN,0.03125,75
006OF0000073c4jYAA,FASR,001OF00000IVUNgYAP,0.03125,25
006OF0000078lfGYAQ,GBAS,001OF00000IiTX3YAN,0.03125,50
006OF000007AnprYAC,GBAS,001OF00000ImOlgYAF,0.03125,75
006OF000007MZCoYAO,FSBR,001OF00000IGTLUYA5,0.09,25
006OF000007VCs5YAG,FNAS,001OF00000IfpYsYAJ,0.09,25
006OF000007azTxYAI,GASE,001OF00000IfKIFYA3,0.09,25
006OF00000CZjeXYAT,GASR,001OF00000IdyEuYAJ,0.09,25
006OF000008Mlq5YAC,GASR,001OF00000IfKIFYA3,0.09,25
006OF00000CtXm1YAF,GAAS,001OF00000JQeDQYA1,0.03125,25
006OF00000IoPleYAF,FSRX,0011G00000vibZ3QAI,0.0312,25
006OF000009RDDhYAO,FASQ,001OF00000IiTX3YAN,0.03125,75
006OF0000093zTBYAY,GBAS,001OF00000JQeDQYA1,0.03125,25
006OF00000HguopYAB,GBAS,001OF00000IMTqfYAH,0.03125,12.5
006OF000009OGJQYA4,FSNP,001OF00000JQeDQYA1,0.03125,25
006OF000009hZVCYA2,FSNP,001OF00000IMTqfYAH,0.03125,25
006OF000009mEY9YAM,FLAS,001OF00000IMTqfYAH,0.09,25
006OF00000AXGhlYAH,FSRX,001OF00000ImOlgYAF,0.09,25
006OF00000AdzQrYAJ,FLAS,001OF00000ImHvVYAV,0.09,25
006OF00000BBSdlYAH,FNAS,001OF00000IVUNgYAP,0.09,25
006OF00000BD92QYAT,GASR,001OF00000IkAtGYAV,0.09,50
006OF00000DBz77YAD,FASQ,001OF00000IMTqfYAH,0.03125,25
006OF00000F7NAXYA3,FASW,001OF00000IVUNgYAP,0.09,25
006OF00000F7NAXYA3,GASR,001OF00000Ip5kvYAB,0.09,25
006OF00000JYeUmYAL,FIAS,001OF00000ImOlgYAF,0.09,25
006OF00000I2D22YAF,GASR,001OF00000ImHvVYAV,0.09,25
006OF00000CDzZrYAL,FSQX,0011G00000vibZ3QAI,0.03125,25
006OF00000CGk6QYAT,GFFS,001OF00000IkA5HYAV,0.0312,50
006OF00000D02X0YAJ,FSFP,001OF00000IfKIFYA3,0.03125,25
006OF00000FS2caYAD,FSNP,001OF00000ImOlgYAF,0.03125,25
006OF00000D79S8YAJ,FSFP,001OF00000IsolUYAR,0.03125,25
006OF00000DBBLfYAP,FSRY,001OF00000IVUNgYAP,0.03125,50
006OF00000DBsVTYA1,GASR,001OF00000Ioq13YAB,0.03125,25
006OF00000KGQPdYAP,FNAS,0011G00000vibZ3QAI,0.09,25
006OF00000IoB9GYAV,GNAS,001OF00000IhzM4YAJ,0.03125,12.5
006OF00000DPfLRYA1,FIAS,001OF00000IiTX3YAN,0.015,25
006OF00000Doc2cYAB,FSDN,001OF00000Ioq13YAB,0.015,25
006OF00000DqwZuYAJ,FSFP,0011G00000vibZ3QAI,0.015,25
006OF00000EbyLKYAZ,FSDN,001OF00000IdyEuYAJ,0.015,50
006OF00000ELqjXYAT,FSDN,001OF00000JN4nzYAD,0.09,25
006OF00000Ji3H0YAJ,FSRY,001OF00000INEPhYAP,0.03125,75
006OF00000Ega2EYAR,FIAS,001OF00000IVUNgYAP,0.03125,25
006OF00000EuZvtYAF,FSFO,001OF00000Ip5kvYAB,0.03125,50
006OF00000F7nPxYAJ,FNAS,001OF00000IkAtGYAV,0.03125,25
006OF00000FTWvDYAX,FSFP,001OF00000Ioq13YAB,0.03125,25
006OF00000FdjMYYAZ,FASV,001OF00000IsolUYAR,0.0312,50
006OF00000I20ZRYAZ,FASV,001OF00000JQeDQYA1,0.0312,25
006OF00000FsoswYAB,FASV,001OF00000INEPhYAP,0.03125,75
006OF00000HVKSAYA5,FSRY,001OF00000IkAtGYAV,0.03125,50
006OF00000ENJd2YAH,FSRY,001OF00000ImOlgYAF,0.03125,50
006OF00000HBXVHYA5,GASE,001OF00000IVUNgYAP,0.03125,25
006OF00000HTS0rYAH,FIAS,001OF00000IfpYsYAJ,0.03125,50
006OF00000HW2zNYAT,FSUP,001OF00000Ip5kvYAB,0.09,50
006OF00000ICC7uYAH,FASV,001OF00000IkA5HYAV,0.09,25
006OF00000IZrLdYAL,FSRY,001OF00000Ioq13YAB,0.09,25
006OF00000IRYkpYAH,FASV,001OF00000IfWg4YAF,0.09,25
006OF00000IRxo4YAD,FSRY,001OF00000JN4nzYAD,0.09,75
006OF00000IZuoAYAT,GASR,001OF00000IfWg4YAF,0.03125,25
006OF00000IoHcoYAF,FASQ,001OF00000IGTLUYA5,0.09,25
006OF00000IoHcoYAF,GASK,001OF00000Ioq13YAB,0.09,25
006OF00000IvrriYAB,FSBR,001OF00000IMTqfYAH,0.09,25
006OF00000IzTFhYAN,GASK,001OF00000IfpYsYAJ,0.09,50
006OF00000J1MWcYAN,GNAS,001OF00000IfpYsYAJ,0.015,50
006OF00000JdBThYAN,GBAS,001OF00000IsolUYAR,0.015,50
006OF00000JgtwQYAR,GBAS,001OF00000IkA5HYAV,0.015,75
